id,category,category_label,asset_kind,source_deck_name,source_deck,source_slide,source_shape_id,source_shape_name,shape_type,auto_shape_type,width,height,rotation,occurrences,preview,asset_png,keywords
arrow-0001,arrows,箭头与流程块,native_editable,识别2-Knight可编辑复刻.pptx,C:\Users\LENOVO\Documents\seconddevPPT\output\knight-recognize2-rebuild\识别2-Knight可编辑复刻.pptx,1,90,stage-arrow-1,1,33,37.5,21.0,0.0,2,previews/arrow-0001.png,,stage|arrow|1|识别2|knight可编辑复刻.pptx
arrow-0002,arrows,箭头与流程块,native_editable,rebuilt-slide-01.pptx,C:\Users\LENOVO\Documents\seconddevPPT\reference\knight-imagetopptx-skill\assets\rebuilt-slide-01.pptx,1,65,Right Arrow 64,1,33,21.6,14.4,0.0,4,previews/arrow-0002.png,,right|arrow|64|rebuilt|slide|01.pptx
arrow-0003,arrows,箭头与流程块,native_editable,识别2-Knight可编辑复刻.pptx,C:\Users\LENOVO\Documents\seconddevPPT\output\knight-recognize2-rebuild\识别2-Knight可编辑复刻.pptx,1,85,stage-flow-heading-bg,1,52,165.0,72.0,0.0,1,previews/arrow-0003.png,,stage|flow|heading|bg|识别2|knight可编辑复刻.pptx
arrow-0004,arrows,箭头与流程块,native_editable,识别3-Knight可编辑复刻.pptx,C:\Users\LENOVO\Documents\seconddevPPT\output\knight-recognize3-rebuild\识别3-Knight可编辑复刻.pptx,1,66,stage-chevron-2,1,52,295.5,83.25,0.0,1,previews/arrow-0004.png,,stage|chevron|2|识别3|knight可编辑复刻.pptx
arrow-0005,arrows,箭头与流程块,native_editable,李佳1_快速可编辑复刻.pptx,C:\Users\LENOVO\Documents\seconddevPPT\output\李佳1-fast-reverse\李佳1_快速可编辑复刻.pptx,1,43,transition_arrow,1,36,78.75,26.25,0.0,1,previews/arrow-0005.png,,transition|arrow|李佳1|快速可编辑复刻.pptx
arrow-0006,arrows,箭头与流程块,native_editable,rebuilt-slide-01.pptx,C:\Users\LENOVO\Documents\seconddevPPT\reference\knight-imagetopptx-skill\assets\rebuilt-slide-01.pptx,1,179,Right Arrow 178,1,33,23.76,7.92,0.0,3,previews/arrow-0006.png,,right|arrow|178|rebuilt|slide|01.pptx
arrow-0007,arrows,箭头与流程块,native_editable,rebuilt-slide-01.pptx,C:\Users\LENOVO\Documents\seconddevPPT\reference\knight-imagetopptx-skill\assets\rebuilt-slide-01.pptx,1,85,Right Arrow 84,1,33,38.88,25.2,0.0,1,previews/arrow-0007.png,,right|arrow|84|rebuilt|slide|01.pptx
arrow-0008,arrows,箭头与流程块,native_editable,识别3-Knight可编辑复刻.pptx,C:\Users\LENOVO\Documents\seconddevPPT\output\knight-recognize3-rebuild\识别3-Knight可编辑复刻.pptx,1,61,stage-chevron-1,1,52,284.25,83.25,0.0,1,previews/arrow-0008.png,,stage|chevron|1|识别3|knight可编辑复刻.pptx
arrow-0009,arrows,箭头与流程块,native_editable,rebuilt-slide-02.pptx,C:\Users\LENOVO\Documents\seconddevPPT\reference\knight-imagetopptx-skill\assets\rebuilt-slide-02.pptx,1,45,Down Arrow 44,1,36,16.077,16.077,0.0,1,previews/arrow-0009.png,,down|arrow|44|rebuilt|slide|02.pptx
arrow-0010,arrows,箭头与流程块,native_editable,识别3-Knight可编辑复刻.pptx,C:\Users\LENOVO\Documents\seconddevPPT\output\knight-recognize3-rebuild\识别3-Knight可编辑复刻.pptx,1,71,stage-chevron-3,1,52,297.75,83.25,0.0,1,previews/arrow-0010.png,,stage|chevron|3|识别3|knight可编辑复刻.pptx
arrow-0011,arrows,箭头与流程块,native_editable,识别3-Knight可编辑复刻.pptx,C:\Users\LENOVO\Documents\seconddevPPT\output\knight-recognize3-rebuild\识别3-Knight可编辑复刻.pptx,1,76,stage-chevron-4,1,52,287.25,83.25,0.0,1,previews/arrow-0011.png,,stage|chevron|4|识别3|knight可编辑复刻.pptx
arrow-0012,arrows,箭头与流程块,native_editable,rebuilt-slide-01.pptx,C:\Users\LENOVO\Documents\seconddevPPT\reference\knight-imagetopptx-skill\assets\rebuilt-slide-01.pptx,1,69,Right Arrow 68,1,33,21.6,14.4,0.0,1,previews/arrow-0012.png,,right|arrow|68|rebuilt|slide|01.pptx
background-0001,backgrounds,背景,native_editable,rebuilt-slide-02.pptx,C:\Users\LENOVO\Documents\seconddevPPT\reference\knight-imagetopptx-skill\assets\rebuilt-slide-02.pptx,1,2,Rectangle 1,1,1,960.0,540.287,0.0,1,previews/background-0001.png,assets/png/background-0001.png,rectangle|1|rebuilt|slide|02.pptx
background-0002,backgrounds,背景,picture,party-semantic-editable.pptx,C:\Users\LENOVO\Documents\seconddevPPT\output\semantic-rebuild-v9\party-semantic-editable.pptx,1,2,Image 0,13,1,960.0,540.0,0.0,1,previews/background-0002.png,assets/png/background-0002.png,image|0|preencoded.png|party|semantic|editable.pptx
badge-0001,badges,徽章与标签,native_editable,七页原图批量可编辑复刻.pptx,C:\Users\LENOVO\Documents\seconddevPPT\output\sources-batch\七页原图批量可编辑复刻.pptx,3,5,fast3_tab_3_0,1,5,84.0,37.5,0.0,2,previews/badge-0001.png,,fast3|tab|3|0|七页原图批量可编辑复刻.pptx
badge-0002,badges,徽章与标签,native_editable,rebuilt-slide-01.pptx,C:\Users\LENOVO\Documents\seconddevPPT\reference\knight-imagetopptx-skill\assets\rebuilt-slide-01.pptx,1,119,Rectangle 118,1,1,33.84,39.6,0.0,1,previews/badge-0002.png,,rectangle|118|rebuilt|slide|01.pptx
badge-0003,badges,徽章与标签,native_editable,rebuilt-slide-01.pptx,C:\Users\LENOVO\Documents\seconddevPPT\reference\knight-imagetopptx-skill\assets\rebuilt-slide-01.pptx,1,105,Rectangle 104,1,1,28.8,39.6,0.0,1,previews/badge-0003.png,,rectangle|104|rebuilt|slide|01.pptx
badge-0004,badges,徽章与标签,native_editable,rebuilt-slide-01.pptx,C:\Users\LENOVO\Documents\seconddevPPT\reference\knight-imagetopptx-skill\assets\rebuilt-slide-01.pptx,1,99,Rectangle 98,1,1,26.64,25.2,0.0,1,previews/badge-0004.png,,rectangle|98|rebuilt|slide|01.pptx
badge-0005,badges,徽章与标签,native_editable,七页原图批量可编辑复刻.pptx,C:\Users\LENOVO\Documents\seconddevPPT\output\sources-batch\七页原图批量可编辑复刻.pptx,2,23,fast2_tab_2_3,1,1,48.75,38.25,0.0,1,previews/badge-0005.png,,fast2|tab|2|3|七页原图批量可编辑复刻.pptx
badge-0006,badges,徽章与标签,native_editable,rebuilt-slide-01.pptx,C:\Users\LENOVO\Documents\seconddevPPT\reference\knight-imagetopptx-skill\assets\rebuilt-slide-01.pptx,1,121,Rectangle 120,1,1,28.8,39.6,0.0,2,previews/badge-0006.png,,rectangle|120|rebuilt|slide|01.pptx
badge-0007,badges,徽章与标签,native_editable,rebuilt-slide-01.pptx,C:\Users\LENOVO\Documents\seconddevPPT\reference\knight-imagetopptx-skill\assets\rebuilt-slide-01.pptx,1,101,Rectangle 100,1,1,30.96,25.2,0.0,1,previews/badge-0007.png,,rectangle|100|rebuilt|slide|01.pptx
badge-0008,badges,徽章与标签,native_editable,七页原图批量可编辑复刻.pptx,C:\Users\LENOVO\Documents\seconddevPPT\output\sources-batch\七页原图批量可编辑复刻.pptx,3,7,fast3_tab_3_1,1,5,84.0,37.5,0.0,1,previews/badge-0008.png,,fast3|tab|3|1|七页原图批量可编辑复刻.pptx
badge-0009,badges,徽章与标签,native_editable,识别3-Knight可编辑复刻.pptx,C:\Users\LENOVO\Documents\seconddevPPT\output\knight-recognize3-rebuild\识别3-Knight可编辑复刻.pptx,1,2,top-left-blue-tab,1,1,38.25,54.0,0.0,1,previews/badge-0009.png,,top|left|blue|tab|识别3|knight可编辑复刻.pptx
badge-0010,badges,徽章与标签,native_editable,rebuilt-slide-01.pptx,C:\Users\LENOVO\Documents\seconddevPPT\reference\knight-imagetopptx-skill\assets\rebuilt-slide-01.pptx,1,111,Rectangle 110,1,1,54.0,39.6,0.0,1,previews/badge-0010.png,,rectangle|110|rebuilt|slide|01.pptx
badge-0011,badges,徽章与标签,native_editable,李佳3_视觉OCR快速可编辑复刻.pptx,C:\Users\LENOVO\Documents\seconddevPPT\output\李佳3-fast-vision\李佳3_视觉OCR快速可编辑复刻.pptx,1,85,root_warning_icon,1,5,39.0,31.5,0.0,1,previews/badge-0011.png,,root|warning|icon|李佳3|视觉ocr快速可编辑复刻.pptx
badge-0012,badges,徽章与标签,native_editable,rebuilt-slide-01.pptx,C:\Users\LENOVO\Documents\seconddevPPT\reference\knight-imagetopptx-skill\assets\rebuilt-slide-01.pptx,1,127,Rectangle 126,1,1,54.0,39.6,0.0,2,previews/badge-0012.png,,rectangle|126|rebuilt|slide|01.pptx
badge-0013,badges,徽章与标签,native_editable,rebuilt-slide-01.pptx,C:\Users\LENOVO\Documents\seconddevPPT\reference\knight-imagetopptx-skill\assets\rebuilt-slide-01.pptx,1,135,Rectangle 134,1,1,33.84,39.6,0.0,2,previews/badge-0013.png,,rectangle|134|rebuilt|slide|01.pptx
badge-0014,badges,徽章与标签,native_editable,识别3-Knight可编辑复刻.pptx,C:\Users\LENOVO\Documents\seconddevPPT\output\knight-recognize3-rebuild\识别3-Knight可编辑复刻.pptx,1,62,stage-icon-ring-1,1,9,59.25,59.25,0.0,2,previews/badge-0014.png,,stage|icon|ring|1|识别3|knight可编辑复刻.pptx
badge-0015,badges,徽章与标签,native_editable,李佳3_视觉OCR快速可编辑复刻.pptx,C:\Users\LENOVO\Documents\seconddevPPT\output\李佳3-fast-vision\李佳3_视觉OCR快速可编辑复刻.pptx,1,88,result_badge,1,5,84.0,37.5,0.0,2,previews/badge-0015.png,,result|badge|李佳3|视觉ocr快速可编辑复刻.pptx
badge-0016,badges,徽章与标签,native_editable,识别2-Knight可编辑复刻.pptx,C:\Users\LENOVO\Documents\seconddevPPT\output\knight-recognize2-rebuild\识别2-Knight可编辑复刻.pptx,1,2,top-left-blue-tab,1,1,36.75,39.75,0.0,1,previews/badge-0016.png,,top|left|blue|tab|识别2|knight可编辑复刻.pptx
badge-0017,badges,徽章与标签,native_editable,rebuilt-slide-01.pptx,C:\Users\LENOVO\Documents\seconddevPPT\reference\knight-imagetopptx-skill\assets\rebuilt-slide-01.pptx,1,107,Rectangle 106,1,1,34.56,39.6,0.0,1,previews/badge-0017.png,,rectangle|106|rebuilt|slide|01.pptx
badge-0018,badges,徽章与标签,native_editable,rebuilt-slide-01.pptx,C:\Users\LENOVO\Documents\seconddevPPT\reference\knight-imagetopptx-skill\assets\rebuilt-slide-01.pptx,1,133,Rectangle 132,1,1,30.96,39.6,0.0,3,previews/badge-0018.png,,rectangle|132|rebuilt|slide|01.pptx
badge-0019,badges,徽章与标签,native_editable,识别2-Knight可编辑复刻.pptx,C:\Users\LENOVO\Documents\seconddevPPT\output\knight-recognize2-rebuild\识别2-Knight可编辑复刻.pptx,1,84,stage-flow-panel,1,5,976.5,72.0,0.0,1,previews/badge-0019.png,,stage|flow|panel|识别2|knight可编辑复刻.pptx
badge-0020,badges,徽章与标签,native_editable,rebuilt-slide-01.pptx,C:\Users\LENOVO\Documents\seconddevPPT\reference\knight-imagetopptx-skill\assets\rebuilt-slide-01.pptx,1,89,Rectangle 88,1,1,28.8,25.2,0.0,1,previews/badge-0020.png,,rectangle|88|rebuilt|slide|01.pptx
badge-0021,badges,徽章与标签,native_editable,party-semantic-editable.pptx,C:\Users\LENOVO\Documents\seconddevPPT\output\semantic-rebuild-v9\party-semantic-editable.pptx,1,13,Shape 10,1,1,10.8,40.8,0.0,4,previews/badge-0021.png,,shape|10|party|semantic|editable.pptx
badge-0022,badges,徽章与标签,native_editable,rebuilt-slide-01.pptx,C:\Users\LENOVO\Documents\seconddevPPT\reference\knight-imagetopptx-skill\assets\rebuilt-slide-01.pptx,1,103,Rectangle 102,1,1,33.84,25.2,0.0,1,previews/badge-0022.png,,rectangle|102|rebuilt|slide|01.pptx
badge-0023,badges,徽章与标签,native_editable,rebuilt-slide-01.pptx,C:\Users\LENOVO\Documents\seconddevPPT\reference\knight-imagetopptx-skill\assets\rebuilt-slide-01.pptx,1,93,Rectangle 92,1,1,36.0,25.2,0.0,1,previews/badge-0023.png,,rectangle|92|rebuilt|slide|01.pptx
badge-0024,badges,徽章与标签,native_editable,七页原图批量可编辑复刻.pptx,C:\Users\LENOVO\Documents\seconddevPPT\output\sources-batch\七页原图批量可编辑复刻.pptx,1,2,fast_badge_1,1,5,49.623,35.839,0.0,1,previews/badge-0024.png,,fast|badge|1|七页原图批量可编辑复刻.pptx
badge-0025,badges,徽章与标签,native_editable,七页原图批量可编辑复刻.pptx,C:\Users\LENOVO\Documents\seconddevPPT\output\sources-batch\七页原图批量可编辑复刻.pptx,2,17,fast2_tab_2_2,1,1,48.75,38.25,0.0,1,previews/badge-0025.png,,fast2|tab|2|七页原图批量可编辑复刻.pptx
badge-0026,badges,徽章与标签,native_editable,李佳3_视觉OCR快速可编辑复刻.pptx,C:\Users\LENOVO\Documents\seconddevPPT\output\李佳3-fast-vision\李佳3_视觉OCR快速可编辑复刻.pptx,1,46,root_badge,1,5,86.25,37.5,0.0,1,previews/badge-0026.png,,root|badge|李佳3|视觉ocr快速可编辑复刻.pptx
badge-0027,badges,徽章与标签,native_editable,李佳3_视觉OCR快速可编辑复刻.pptx,C:\Users\LENOVO\Documents\seconddevPPT\output\李佳3-fast-vision\李佳3_视觉OCR快速可编辑复刻.pptx,1,43,current_warning_icon,1,5,39.0,31.5,0.0,2,previews/badge-0027.png,,current|warning|icon|李佳3|视觉ocr快速可编辑复刻.pptx
badge-0028,badges,徽章与标签,native_editable,识别3-Knight可编辑复刻.pptx,C:\Users\LENOVO\Documents\seconddevPPT\output\knight-recognize3-rebuild\识别3-Knight可编辑复刻.pptx,1,22,judgement-badge-1,1,5,40.5,38.25,0.0,3,previews/badge-0028.png,,judgement|badge|1|识别3|knight可编辑复刻.pptx
badge-0029,badges,徽章与标签,native_editable,七页原图批量可编辑复刻.pptx,C:\Users\LENOVO\Documents\seconddevPPT\output\sources-batch\七页原图批量可编辑复刻.pptx,2,5,fast2_tab_2_0,1,1,48.75,38.25,0.0,1,previews/badge-0029.png,,fast2|tab|2|0|七页原图批量可编辑复刻.pptx
badge-0030,badges,徽章与标签,native_editable,rebuilt-slide-01.pptx,C:\Users\LENOVO\Documents\seconddevPPT\reference\knight-imagetopptx-skill\assets\rebuilt-slide-01.pptx,1,125,Rectangle 124,1,1,36.0,39.6,0.0,2,previews/badge-0030.png,,rectangle|124|rebuilt|slide|01.pptx
badge-0031,badges,徽章与标签,native_editable,rebuilt-slide-01.pptx,C:\Users\LENOVO\Documents\seconddevPPT\reference\knight-imagetopptx-skill\assets\rebuilt-slide-01.pptx,1,109,Rectangle 108,1,1,36.0,39.6,0.0,1,previews/badge-0031.png,,rectangle|108|rebuilt|slide|01.pptx
badge-0032,badges,徽章与标签,native_editable,rebuilt-slide-01.pptx,C:\Users\LENOVO\Documents\seconddevPPT\reference\knight-imagetopptx-skill\assets\rebuilt-slide-01.pptx,1,91,Rectangle 90,1,1,34.56,25.2,0.0,1,previews/badge-0032.png,,rectangle|90|rebuilt|slide|01.pptx
badge-0033,badges,徽章与标签,native_editable,识别2-Knight可编辑复刻.pptx,C:\Users\LENOVO\Documents\seconddevPPT\output\knight-recognize2-rebuild\识别2-Knight可编辑复刻.pptx,1,36,badge-03,1,5,40.5,31.5,0.0,1,previews/badge-0033.png,,badge|03|识别2|knight可编辑复刻.pptx
badge-0034,badges,徽章与标签,native_editable,识别3-Knight可编辑复刻.pptx,C:\Users\LENOVO\Documents\seconddevPPT\output\knight-recognize3-rebuild\识别3-Knight可编辑复刻.pptx,1,44,kpi-tab-2026h1,1,5,165.0,33.0,0.0,1,previews/badge-0034.png,,kpi|tab|2026h1|识别3|knight可编辑复刻.pptx
badge-0035,badges,徽章与标签,native_editable,李佳3_视觉OCR快速可编辑复刻.pptx,C:\Users\LENOVO\Documents\seconddevPPT\output\李佳3-fast-vision\李佳3_视觉OCR快速可编辑复刻.pptx,1,27,loop_callout_1,1,5,82.5,50.25,0.0,2,previews/badge-0035.png,,loop|callout|1|李佳3|视觉ocr快速可编辑复刻.pptx
badge-0036,badges,徽章与标签,native_editable,party-semantic-editable.pptx,C:\Users\LENOVO\Documents\seconddevPPT\output\semantic-rebuild-v9\party-semantic-editable.pptx,1,12,Shape 9,1,5,60.0,40.8,0.0,6,previews/badge-0036.png,,shape|9|party|semantic|editable.pptx
badge-0037,badges,徽章与标签,native_editable,七页原图批量可编辑复刻.pptx,C:\Users\LENOVO\Documents\seconddevPPT\output\sources-batch\七页原图批量可编辑复刻.pptx,4,2,auto_mark_4,1,1,37.5,54.0,0.0,3,previews/badge-0037.png,,auto|mark|4|七页原图批量可编辑复刻.pptx
badge-0038,badges,徽章与标签,native_editable,七页原图批量可编辑复刻.pptx,C:\Users\LENOVO\Documents\seconddevPPT\output\sources-batch\七页原图批量可编辑复刻.pptx,2,2,fast_badge_2,1,5,54.0,39.0,0.0,2,previews/badge-0038.png,,fast|badge|2|七页原图批量可编辑复刻.pptx
badge-0039,badges,徽章与标签,native_editable,rebuilt-slide-01.pptx,C:\Users\LENOVO\Documents\seconddevPPT\reference\knight-imagetopptx-skill\assets\rebuilt-slide-01.pptx,1,115,Rectangle 114,1,1,26.64,39.6,0.0,1,previews/badge-0039.png,,rectangle|114|rebuilt|slide|01.pptx
badge-0040,badges,徽章与标签,native_editable,rebuilt-slide-01.pptx,C:\Users\LENOVO\Documents\seconddevPPT\reference\knight-imagetopptx-skill\assets\rebuilt-slide-01.pptx,1,123,Rectangle 122,1,1,34.56,39.6,0.0,2,previews/badge-0040.png,,rectangle|122|rebuilt|slide|01.pptx
badge-0041,badges,徽章与标签,native_editable,rebuilt-slide-01.pptx,C:\Users\LENOVO\Documents\seconddevPPT\reference\knight-imagetopptx-skill\assets\rebuilt-slide-01.pptx,1,129,Rectangle 128,1,1,53.28,39.6,0.0,3,previews/badge-0041.png,,rectangle|128|rebuilt|slide|01.pptx
badge-0042,badges,徽章与标签,native_editable,rebuilt-slide-01.pptx,C:\Users\LENOVO\Documents\seconddevPPT\reference\knight-imagetopptx-skill\assets\rebuilt-slide-01.pptx,1,131,Rectangle 130,1,1,26.64,39.6,0.0,2,previews/badge-0042.png,,rectangle|130|rebuilt|slide|01.pptx
badge-0043,badges,徽章与标签,native_editable,识别3-Knight可编辑复刻.pptx,C:\Users\LENOVO\Documents\seconddevPPT\output\knight-recognize3-rebuild\识别3-Knight可编辑复刻.pptx,1,54,kpi-tab-2026may,1,5,165.0,32.25,0.0,1,previews/badge-0043.png,,kpi|tab|2026may|识别3|knight可编辑复刻.pptx
badge-0044,badges,徽章与标签,native_editable,李佳3_视觉OCR快速可编辑复刻.pptx,C:\Users\LENOVO\Documents\seconddevPPT\output\李佳3-fast-vision\李佳3_视觉OCR快速可编辑复刻.pptx,1,2,header_number_tab,1,5,82.5,45.75,0.0,1,previews/badge-0044.png,,header|number|tab|李佳3|视觉ocr快速可编辑复刻.pptx
badge-0045,badges,徽章与标签,native_editable,识别3-Knight可编辑复刻.pptx,C:\Users\LENOVO\Documents\seconddevPPT\output\knight-recognize3-rebuild\识别3-Knight可编辑复刻.pptx,1,72,stage-icon-ring-3,1,9,59.25,59.25,0.0,2,previews/badge-0045.png,,stage|icon|ring|3|识别3|knight可编辑复刻.pptx
badge-0046,badges,徽章与标签,native_editable,party-semantic-editable.pptx,C:\Users\LENOVO\Documents\seconddevPPT\output\semantic-rebuild-v9\party-semantic-editable.pptx,1,19,Shape 16,1,1,10.8,40.8,0.0,2,previews/badge-0046.png,,shape|16|party|semantic|editable.pptx
badge-0047,badges,徽章与标签,native_editable,七页原图批量可编辑复刻.pptx,C:\Users\LENOVO\Documents\seconddevPPT\output\sources-batch\七页原图批量可编辑复刻.pptx,2,11,fast2_tab_2_1,1,1,48.75,38.25,0.0,1,previews/badge-0047.png,,fast2|tab|2|1|七页原图批量可编辑复刻.pptx
badge-0048,badges,徽章与标签,native_editable,识别2-Knight可编辑复刻.pptx,C:\Users\LENOVO\Documents\seconddevPPT\output\knight-recognize2-rebuild\识别2-Knight可编辑复刻.pptx,1,18,badge-01,1,5,37.5,32.25,0.0,2,previews/badge-0048.png,,badge|01|识别2|knight可编辑复刻.pptx
badge-0049,badges,徽章与标签,native_editable,李佳1_快速可编辑复刻.pptx,C:\Users\LENOVO\Documents\seconddevPPT\output\李佳1-fast-reverse\李佳1_快速可编辑复刻.pptx,1,114,page_badge,1,5,53.25,39.0,0.0,1,previews/badge-0049.png,,page|badge|李佳1|快速可编辑复刻.pptx
badge-0050,badges,徽章与标签,native_editable,七页原图批量可编辑复刻.pptx,C:\Users\LENOVO\Documents\seconddevPPT\output\sources-batch\七页原图批量可编辑复刻.pptx,7,5,red_number_7_70_372,1,1,73.5,48.0,0.0,6,previews/badge-0050.png,,red|number|7|70|372|七页原图批量可编辑复刻.pptx
shape-0001,basic_shapes,基础形状,native_editable,李佳3_视觉OCR快速可编辑复刻.pptx,C:\Users\LENOVO\Documents\seconddevPPT\output\李佳3-fast-vision\李佳3_视觉OCR快速可编辑复刻.pptx,1,21,prompt_loop_4,1,9,189.75,172.5,0.0,1,previews/shape-0001.png,,prompt|loop|4|李佳3|视觉ocr快速可编辑复刻.pptx
shape-0002,basic_shapes,基础形状,native_editable,李佳3_视觉OCR快速可编辑复刻.pptx,C:\Users\LENOVO\Documents\seconddevPPT\output\李佳3-fast-vision\李佳3_视觉OCR快速可编辑复刻.pptx,1,26,prompt_loop_9,1,9,141.75,116.25,0.0,1,previews/shape-0002.png,,prompt|loop|9|李佳3|视觉ocr快速可编辑复刻.pptx
shape-0003,basic_shapes,基础形状,native_editable,识别2-Knight可编辑复刻.pptx,C:\Users\LENOVO\Documents\seconddevPPT\output\knight-recognize2-rebuild\识别2-Knight可编辑复刻.pptx,1,56,chart-legend-marker,1,9,7.5,7.5,0.0,1,previews/shape-0003.png,,chart|legend|marker|识别2|knight可编辑复刻.pptx
shape-0004,basic_shapes,基础形状,native_editable,识别3-Knight可编辑复刻.pptx,C:\Users\LENOVO\Documents\seconddevPPT\output\knight-recognize3-rebuild\识别3-Knight可编辑复刻.pptx,1,16,quality-ring-dash,1,25,109.524,103.505,177.0,1,previews/shape-0004.png,,quality|ring|dash|识别3|knight可编辑复刻.pptx
shape-0005,basic_shapes,基础形状,native_editable,七页原图批量可编辑复刻.pptx,C:\Users\LENOVO\Documents\seconddevPPT\output\sources-batch\七页原图批量可编辑复刻.pptx,4,4,auto_chip_4,1,2,170.25,48.0,0.0,1,previews/shape-0005.png,,auto|chip|4|七页原图批量可编辑复刻.pptx
shape-0006,basic_shapes,基础形状,native_editable,识别2-Knight可编辑复刻.pptx,C:\Users\LENOVO\Documents\seconddevPPT\output\knight-recognize2-rebuild\识别2-Knight可编辑复刻.pptx,1,63,chart-marker-1,1,9,9.0,9.0,0.0,6,previews/shape-0006.png,,chart|marker|1|识别2|knight可编辑复刻.pptx
shape-0007,basic_shapes,基础形状,native_editable,rebuilt-slide-01.pptx,C:\Users\LENOVO\Documents\seconddevPPT\reference\knight-imagetopptx-skill\assets\rebuilt-slide-01.pptx,1,35,Oval 34,1,9,63.36,63.36,0.0,2,previews/shape-0007.png,,oval|34|rebuilt|slide|01.pptx
shape-0008,basic_shapes,基础形状,native_editable,七页原图批量可编辑复刻.pptx,C:\Users\LENOVO\Documents\seconddevPPT\output\sources-batch\七页原图批量可编辑复刻.pptx,2,3,fast_mark_2,1,2,41.25,31.5,0.0,2,previews/shape-0008.png,,fast|mark|2|七页原图批量可编辑复刻.pptx
shape-0009,basic_shapes,基础形状,native_editable,李佳3_视觉OCR快速可编辑复刻.pptx,C:\Users\LENOVO\Documents\seconddevPPT\output\李佳3-fast-vision\李佳3_视觉OCR快速可编辑复刻.pptx,1,24,prompt_loop_7,1,9,166.5,158.25,0.0,1,previews/shape-0009.png,,prompt|loop|7|李佳3|视觉ocr快速可编辑复刻.pptx
shape-0010,basic_shapes,基础形状,native_editable,李佳3_视觉OCR快速可编辑复刻.pptx,C:\Users\LENOVO\Documents\seconddevPPT\output\李佳3-fast-vision\李佳3_视觉OCR快速可编辑复刻.pptx,1,25,prompt_loop_8,1,9,199.5,101.25,0.0,1,previews/shape-0010.png,,prompt|loop|8|李佳3|视觉ocr快速可编辑复刻.pptx
shape-0011,basic_shapes,基础形状,native_editable,李佳1_快速可编辑复刻.pptx,C:\Users\LENOVO\Documents\seconddevPPT\output\李佳1-fast-reverse\李佳1_快速可编辑复刻.pptx,1,13,Oval 12,1,9,8.25,8.25,0.0,10,previews/shape-0011.png,,oval|12|李佳1|快速可编辑复刻.pptx
shape-0012,basic_shapes,基础形状,native_editable,rebuilt-slide-01.pptx,C:\Users\LENOVO\Documents\seconddevPPT\reference\knight-imagetopptx-skill\assets\rebuilt-slide-01.pptx,1,203,Oval 202,1,9,15.12,15.12,0.0,1,previews/shape-0012.png,,oval|202|rebuilt|slide|01.pptx
shape-0013,basic_shapes,基础形状,native_editable,李佳3_视觉OCR快速可编辑复刻.pptx,C:\Users\LENOVO\Documents\seconddevPPT\output\李佳3-fast-vision\李佳3_视觉OCR快速可编辑复刻.pptx,1,18,prompt_loop_1,1,9,183.75,112.5,0.0,1,previews/shape-0013.png,,prompt|loop|1|李佳3|视觉ocr快速可编辑复刻.pptx
shape-0014,basic_shapes,基础形状,native_editable,rebuilt-slide-01.pptx,C:\Users\LENOVO\Documents\seconddevPPT\reference\knight-imagetopptx-skill\assets\rebuilt-slide-01.pptx,1,29,Oval 28,1,9,63.36,63.36,0.0,3,previews/shape-0014.png,,oval|28|rebuilt|slide|01.pptx
shape-0015,basic_shapes,基础形状,native_editable,七页原图批量可编辑复刻.pptx,C:\Users\LENOVO\Documents\seconddevPPT\output\sources-batch\七页原图批量可编辑复刻.pptx,1,3,fast_mark_1,1,2,37.906,28.947,0.0,1,previews/shape-0015.png,,fast|mark|1|七页原图批量可编辑复刻.pptx
shape-0016,basic_shapes,基础形状,native_editable,rebuilt-slide-02.pptx,C:\Users\LENOVO\Documents\seconddevPPT\reference\knight-imagetopptx-skill\assets\rebuilt-slide-02.pptx,1,13,Oval 12,1,9,29.856,29.856,0.0,3,previews/shape-0016.png,,oval|12|rebuilt|slide|02.pptx
shape-0017,basic_shapes,基础形状,native_editable,李佳3_视觉OCR快速可编辑复刻.pptx,C:\Users\LENOVO\Documents\seconddevPPT\output\李佳3-fast-vision\李佳3_视觉OCR快速可编辑复刻.pptx,1,3,brand_mark_top,1,2,31.5,13.5,0.0,2,previews/shape-0017.png,,brand|mark|top|李佳3|视觉ocr快速可编辑复刻.pptx
shape-0018,basic_shapes,基础形状,native_editable,rebuilt-slide-01.pptx,C:\Users\LENOVO\Documents\seconddevPPT\reference\knight-imagetopptx-skill\assets\rebuilt-slide-01.pptx,1,31,Oval 30,1,9,17.28,17.28,0.0,5,previews/shape-0018.png,,oval|30|rebuilt|slide|01.pptx
shape-0019,basic_shapes,基础形状,native_editable,rebuilt-slide-01.pptx,C:\Users\LENOVO\Documents\seconddevPPT\reference\knight-imagetopptx-skill\assets\rebuilt-slide-01.pptx,1,208,Parallelogram 207,1,2,48.96,27.36,0.0,1,previews/shape-0019.png,,parallelogram|207|rebuilt|slide|01.pptx
shape-0020,basic_shapes,基础形状,native_editable,识别3-Knight可编辑复刻.pptx,C:\Users\LENOVO\Documents\seconddevPPT\output\knight-recognize3-rebuild\识别3-Knight可编辑复刻.pptx,1,15,quality-ring-main,1,25,118.032,107.239,353.0,1,previews/shape-0020.png,,quality|ring|main|识别3|knight可编辑复刻.pptx
shape-0021,basic_shapes,基础形状,native_editable,李佳3_视觉OCR快速可编辑复刻.pptx,C:\Users\LENOVO\Documents\seconddevPPT\output\李佳3-fast-vision\李佳3_视觉OCR快速可编辑复刻.pptx,1,4,brand_mark_bottom,1,2,26.25,13.5,0.0,2,previews/shape-0021.png,,brand|mark|bottom|李佳3|视觉ocr快速可编辑复刻.pptx
shape-0022,basic_shapes,基础形状,native_editable,rebuilt-slide-01.pptx,C:\Users\LENOVO\Documents\seconddevPPT\reference\knight-imagetopptx-skill\assets\rebuilt-slide-01.pptx,1,191,Oval 190,1,9,12.96,12.96,0.0,1,previews/shape-0022.png,,oval|190|rebuilt|slide|01.pptx
shape-0023,basic_shapes,基础形状,native_editable,识别2-Knight可编辑复刻.pptx,C:\Users\LENOVO\Documents\seconddevPPT\output\knight-recognize2-rebuild\识别2-Knight可编辑复刻.pptx,1,5,bottom-left-arc-2,1,25,123.784,158.612,20.0,1,previews/shape-0023.png,,bottom|left|arc|2|识别2|knight可编辑复刻.pptx
shape-0024,basic_shapes,基础形状,native_editable,rebuilt-slide-01.pptx,C:\Users\LENOVO\Documents\seconddevPPT\reference\knight-imagetopptx-skill\assets\rebuilt-slide-01.pptx,1,61,Oval 60,1,9,17.28,17.28,0.0,1,previews/shape-0024.png,,oval|60|rebuilt|slide|01.pptx
shape-0025,basic_shapes,基础形状,native_editable,rebuilt-slide-02.pptx,C:\Users\LENOVO\Documents\seconddevPPT\reference\knight-imagetopptx-skill\assets\rebuilt-slide-02.pptx,1,8,Oval 7,1,9,29.856,29.856,0.0,1,previews/shape-0025.png,,oval|7|rebuilt|slide|02.pptx
shape-0026,basic_shapes,基础形状,native_editable,李佳3_视觉OCR快速可编辑复刻.pptx,C:\Users\LENOVO\Documents\seconddevPPT\output\李佳3-fast-vision\李佳3_视觉OCR快速可编辑复刻.pptx,1,19,prompt_loop_2,1,9,156.0,138.0,0.0,1,previews/shape-0026.png,,prompt|loop|2|李佳3|视觉ocr快速可编辑复刻.pptx
shape-0027,basic_shapes,基础形状,native_editable,rebuilt-slide-01.pptx,C:\Users\LENOVO\Documents\seconddevPPT\reference\knight-imagetopptx-skill\assets\rebuilt-slide-01.pptx,1,59,Oval 58,1,9,63.36,63.36,0.0,1,previews/shape-0027.png,,oval|58|rebuilt|slide|01.pptx
shape-0028,basic_shapes,基础形状,native_editable,李佳3_视觉OCR快速可编辑复刻.pptx,C:\Users\LENOVO\Documents\seconddevPPT\output\李佳3-fast-vision\李佳3_视觉OCR快速可编辑复刻.pptx,1,23,prompt_loop_6,1,9,225.0,114.75,0.0,1,previews/shape-0028.png,,prompt|loop|6|李佳3|视觉ocr快速可编辑复刻.pptx
shape-0029,basic_shapes,基础形状,native_editable,李佳3_视觉OCR快速可编辑复刻.pptx,C:\Users\LENOVO\Documents\seconddevPPT\output\李佳3-fast-vision\李佳3_视觉OCR快速可编辑复刻.pptx,1,95,mountain_base_2,1,7,141.0,64.5,0.0,1,previews/shape-0029.png,,mountain|base|2|李佳3|视觉ocr快速可编辑复刻.pptx
shape-0030,basic_shapes,基础形状,native_editable,rebuilt-slide-01.pptx,C:\Users\LENOVO\Documents\seconddevPPT\reference\knight-imagetopptx-skill\assets\rebuilt-slide-01.pptx,1,227,Parallelogram 226,1,2,126.72,56.16,0.0,1,previews/shape-0030.png,,parallelogram|226|rebuilt|slide|01.pptx
shape-0031,basic_shapes,基础形状,native_editable,识别3-Knight可编辑复刻.pptx,C:\Users\LENOVO\Documents\seconddevPPT\output\knight-recognize3-rebuild\识别3-Knight可编辑复刻.pptx,1,19,judgement-icon-host-1,1,9,72.0,72.0,0.0,3,previews/shape-0031.png,,judgement|icon|host|1|识别3|knight可编辑复刻.pptx
shape-0032,basic_shapes,基础形状,native_editable,识别2-Knight可编辑复刻.pptx,C:\Users\LENOVO\Documents\seconddevPPT\output\knight-recognize2-rebuild\识别2-Knight可编辑复刻.pptx,1,4,bottom-left-arc-1,1,25,99.623,139.766,25.0,1,previews/shape-0032.png,,bottom|left|arc|1|识别2|knight可编辑复刻.pptx
shape-0033,basic_shapes,基础形状,native_editable,李佳3_视觉OCR快速可编辑复刻.pptx,C:\Users\LENOVO\Documents\seconddevPPT\output\李佳3-fast-vision\李佳3_视觉OCR快速可编辑复刻.pptx,1,22,prompt_loop_5,1,9,135.0,129.75,0.0,1,previews/shape-0033.png,,prompt|loop|5|李佳3|视觉ocr快速可编辑复刻.pptx
shape-0034,basic_shapes,基础形状,native_editable,rebuilt-slide-01.pptx,C:\Users\LENOVO\Documents\seconddevPPT\reference\knight-imagetopptx-skill\assets\rebuilt-slide-01.pptx,1,7,Parallelogram 6,1,2,48.96,27.36,0.0,2,previews/shape-0034.png,,parallelogram|6|rebuilt|slide|01.pptx
shape-0035,basic_shapes,基础形状,native_editable,李佳3_视觉OCR快速可编辑复刻.pptx,C:\Users\LENOVO\Documents\seconddevPPT\output\李佳3-fast-vision\李佳3_视觉OCR快速可编辑复刻.pptx,1,94,mountain_base_1,1,7,172.5,97.5,0.0,1,previews/shape-0035.png,,mountain|base|1|李佳3|视觉ocr快速可编辑复刻.pptx
shape-0036,basic_shapes,基础形状,native_editable,rebuilt-slide-02.pptx,C:\Users\LENOVO\Documents\seconddevPPT\reference\knight-imagetopptx-skill\assets\rebuilt-slide-02.pptx,1,18,Oval 17,1,9,29.856,29.856,0.0,1,previews/shape-0036.png,,oval|17|rebuilt|slide|02.pptx
shape-0037,basic_shapes,基础形状,native_editable,李佳3_视觉OCR快速可编辑复刻.pptx,C:\Users\LENOVO\Documents\seconddevPPT\output\李佳3-fast-vision\李佳3_视觉OCR快速可编辑复刻.pptx,1,102,evolution_node_1,1,9,13.5,13.5,0.0,4,previews/shape-0037.png,,evolution|node|1|李佳3|视觉ocr快速可编辑复刻.pptx
shape-0038,basic_shapes,基础形状,native_editable,李佳3_视觉OCR快速可编辑复刻.pptx,C:\Users\LENOVO\Documents\seconddevPPT\output\李佳3-fast-vision\李佳3_视觉OCR快速可编辑复刻.pptx,1,20,prompt_loop_3,1,9,205.5,84.75,0.0,1,previews/shape-0038.png,,prompt|loop|3|李佳3|视觉ocr快速可编辑复刻.pptx
shape-0039,basic_shapes,基础形状,native_editable,rebuilt-slide-01.pptx,C:\Users\LENOVO\Documents\seconddevPPT\reference\knight-imagetopptx-skill\assets\rebuilt-slide-01.pptx,1,72,Parallelogram 71,1,2,48.96,27.36,0.0,2,previews/shape-0039.png,,parallelogram|71|rebuilt|slide|01.pptx
card-0001,cards,卡片与容器,native_editable,七页原图批量可编辑复刻.pptx,C:\Users\LENOVO\Documents\seconddevPPT\output\sources-batch\七页原图批量可编辑复刻.pptx,2,4,fast2_column_2_0,1,5,267.0,414.0,0.0,1,previews/card-0001.png,,fast2|column|2|0|七页原图批量可编辑复刻.pptx
card-0002,cards,卡片与容器,native_editable,七页原图批量可编辑复刻.pptx,C:\Users\LENOVO\Documents\seconddevPPT\output\sources-batch\七页原图批量可编辑复刻.pptx,1,4,fast1_top_1,1,5,1024.165,257.075,0.0,1,previews/card-0002.png,,fast1|top|1|七页原图批量可编辑复刻.pptx
card-0003,cards,卡片与容器,native_editable,rebuilt-slide-02.pptx,C:\Users\LENOVO\Documents\seconddevPPT\reference\knight-imagetopptx-skill\assets\rebuilt-slide-02.pptx,1,5,Rounded Rectangle 4,1,5,463.349,430.622,0.0,1,previews/card-0003.png,,rounded|rectangle|4|rebuilt|slide|02.pptx
card-0004,cards,卡片与容器,native_editable,party-semantic-editable.pptx,C:\Users\LENOVO\Documents\seconddevPPT\output\semantic-rebuild-v9\party-semantic-editable.pptx,1,26,Shape 23,1,5,279.0,113.4,0.0,1,previews/card-0004.png,,shape|23|party|semantic|editable.pptx
card-0005,cards,卡片与容器,native_editable,rebuilt-slide-01.pptx,C:\Users\LENOVO\Documents\seconddevPPT\reference\knight-imagetopptx-skill\assets\rebuilt-slide-01.pptx,1,154,Rounded Rectangle 153,1,5,180.72,27.36,0.0,1,previews/card-0005.png,,rounded|rectangle|153|rebuilt|slide|01.pptx
card-0006,cards,卡片与容器,native_editable,rebuilt-slide-01.pptx,C:\Users\LENOVO\Documents\seconddevPPT\reference\knight-imagetopptx-skill\assets\rebuilt-slide-01.pptx,1,202,Rounded Rectangle 201,1,5,514.8,21.6,0.0,1,previews/card-0006.png,,rounded|rectangle|201|rebuilt|slide|01.pptx
card-0007,cards,卡片与容器,native_editable,七页原图批量可编辑复刻.pptx,C:\Users\LENOVO\Documents\seconddevPPT\output\sources-batch\七页原图批量可编辑复刻.pptx,2,29,fast2_footer_2,1,5,1166.25,66.0,0.0,1,previews/card-0007.png,,fast2|footer|2|七页原图批量可编辑复刻.pptx
card-0008,cards,卡片与容器,native_editable,识别2-Knight可编辑复刻.pptx,C:\Users\LENOVO\Documents\seconddevPPT\output\knight-recognize2-rebuild\识别2-Knight可编辑复刻.pptx,1,25,metric-card-02,1,5,411.0,186.0,0.0,1,previews/card-0008.png,,metric|card|02|识别2|knight可编辑复刻.pptx
card-0009,cards,卡片与容器,native_editable,rebuilt-slide-02.pptx,C:\Users\LENOVO\Documents\seconddevPPT\reference\knight-imagetopptx-skill\assets\rebuilt-slide-02.pptx,1,46,Rounded Rectangle 45,1,5,428.325,212.44,0.0,1,previews/card-0009.png,,rounded|rectangle|45|rebuilt|slide|02.pptx
card-0010,cards,卡片与容器,native_editable,rebuilt-slide-01.pptx,C:\Users\LENOVO\Documents\seconddevPPT\reference\knight-imagetopptx-skill\assets\rebuilt-slide-01.pptx,1,157,Rounded Rectangle 156,1,5,110.16,32.4,0.0,3,previews/card-0010.png,,rounded|rectangle|156|rebuilt|slide|01.pptx
card-0011,cards,卡片与容器,native_editable,rebuilt-slide-01.pptx,C:\Users\LENOVO\Documents\seconddevPPT\reference\knight-imagetopptx-skill\assets\rebuilt-slide-01.pptx,1,74,Rounded Rectangle 73,1,5,205.2,173.52,0.0,1,previews/card-0011.png,,rounded|rectangle|73|rebuilt|slide|01.pptx
card-0012,cards,卡片与容器,native_editable,rebuilt-slide-01.pptx,C:\Users\LENOVO\Documents\seconddevPPT\reference\knight-imagetopptx-skill\assets\rebuilt-slide-01.pptx,1,5,Rounded Rectangle 4,1,5,497.52,177.12,0.0,1,previews/card-0012.png,,rounded|rectangle|4|rebuilt|slide|01.pptx
card-0013,cards,卡片与容器,native_editable,七页原图批量可编辑复刻.pptx,C:\Users\LENOVO\Documents\seconddevPPT\output\sources-batch\七页原图批量可编辑复刻.pptx,2,27,fast2_bottom_2_3,1,5,246.0,29.25,0.0,1,previews/card-0013.png,,fast2|bottom|2|3|七页原图批量可编辑复刻.pptx
card-0014,cards,卡片与容器,native_editable,七页原图批量可编辑复刻.pptx,C:\Users\LENOVO\Documents\seconddevPPT\output\sources-batch\七页原图批量可编辑复刻.pptx,3,19,fast3_step_3_879_0,1,5,102.0,27.0,0.0,4,previews/card-0014.png,,fast3|step|3|879|0|七页原图批量可编辑复刻.pptx
card-0015,cards,卡片与容器,native_editable,李佳3_视觉OCR快速可编辑复刻.pptx,C:\Users\LENOVO\Documents\seconddevPPT\output\李佳3-fast-vision\李佳3_视觉OCR快速可编辑复刻.pptx,1,39,prompt_center,1,5,108.75,63.0,0.0,1,previews/card-0015.png,,prompt|center|李佳3|视觉ocr快速可编辑复刻.pptx
card-0016,cards,卡片与容器,native_editable,七页原图批量可编辑复刻.pptx,C:\Users\LENOVO\Documents\seconddevPPT\output\sources-batch\七页原图批量可编辑复刻.pptx,1,17,fast1_effect_1,1,5,228.817,264.656,0.0,1,previews/card-0016.png,,fast1|effect|1|七页原图批量可编辑复刻.pptx
card-0017,cards,卡片与容器,native_editable,rebuilt-slide-01.pptx,C:\Users\LENOVO\Documents\seconddevPPT\reference\knight-imagetopptx-skill\assets\rebuilt-slide-01.pptx,1,218,Rounded Rectangle 217,1,5,259.2,66.24,0.0,1,previews/card-0017.png,,rounded|rectangle|217|rebuilt|slide|01.pptx
card-0018,cards,卡片与容器,native_editable,李佳1_快速可编辑复刻.pptx,C:\Users\LENOVO\Documents\seconddevPPT\output\李佳1-fast-reverse\李佳1_快速可编辑复刻.pptx,1,15,pain_hint_1,1,5,235.5,54.0,0.0,3,previews/card-0018.png,,pain|hint|1|李佳1|快速可编辑复刻.pptx
card-0019,cards,卡片与容器,native_editable,七页原图批量可编辑复刻.pptx,C:\Users\LENOVO\Documents\seconddevPPT\output\sources-batch\七页原图批量可编辑复刻.pptx,7,60,red_top_7,1,1,1254.0,165.0,0.0,1,previews/card-0019.png,,red|top|7|七页原图批量可编辑复刻.pptx
card-0020,cards,卡片与容器,native_editable,李佳3_视觉OCR快速可编辑复刻.pptx,C:\Users\LENOVO\Documents\seconddevPPT\output\李佳3-fast-vision\李佳3_视觉OCR快速可编辑复刻.pptx,1,9,panel_root,1,5,375.0,494.25,0.0,1,previews/card-0020.png,,panel|root|李佳3|视觉ocr快速可编辑复刻.pptx
card-0021,cards,卡片与容器,native_editable,识别3-Knight可编辑复刻.pptx,C:\Users\LENOVO\Documents\seconddevPPT\output\knight-recognize3-rebuild\识别3-Knight可编辑复刻.pptx,1,10,core-label-bg,5,138,174.0,48.75,0.0,1,previews/card-0021.png,,core|label|bg|识别3|knight可编辑复刻.pptx
card-0022,cards,卡片与容器,native_editable,party-semantic-editable.pptx,C:\Users\LENOVO\Documents\seconddevPPT\output\semantic-rebuild-v9\party-semantic-editable.pptx,1,29,Shape 26,1,5,199.8,58.8,0.0,1,previews/card-0022.png,,shape|26|party|semantic|editable.pptx
card-0023,cards,卡片与容器,native_editable,识别2-Knight可编辑复刻.pptx,C:\Users\LENOVO\Documents\seconddevPPT\output\knight-recognize2-rebuild\识别2-Knight可编辑复刻.pptx,1,11,core-label-background,1,5,166.5,46.5,0.0,1,previews/card-0023.png,,core|label|background|识别2|knight可编辑复刻.pptx
card-0024,cards,卡片与容器,native_editable,七页原图批量可编辑复刻.pptx,C:\Users\LENOVO\Documents\seconddevPPT\output\sources-batch\七页原图批量可编辑复刻.pptx,6,5,auto3_item_6_332,1,5,318.75,90.0,0.0,3,previews/card-0024.png,,auto3|item|6|332|七页原图批量可编辑复刻.pptx
card-0025,cards,卡片与容器,native_editable,李佳1_快速可编辑复刻.pptx,C:\Users\LENOVO\Documents\seconddevPPT\output\李佳1-fast-reverse\李佳1_快速可编辑复刻.pptx,1,48,skill_card,1,5,402.0,255.75,0.0,3,previews/card-0025.png,,skill|card|李佳1|快速可编辑复刻.pptx
card-0026,cards,卡片与容器,native_editable,rebuilt-slide-01.pptx,C:\Users\LENOVO\Documents\seconddevPPT\reference\knight-imagetopptx-skill\assets\rebuilt-slide-01.pptx,1,25,Rounded Rectangle 24,1,5,589.68,177.12,0.0,1,previews/card-0026.png,,rounded|rectangle|24|rebuilt|slide|01.pptx
card-0027,cards,卡片与容器,native_editable,rebuilt-slide-01.pptx,C:\Users\LENOVO\Documents\seconddevPPT\reference\knight-imagetopptx-skill\assets\rebuilt-slide-01.pptx,1,169,Rounded Rectangle 168,1,5,208.08,182.16,0.0,1,previews/card-0027.png,,rounded|rectangle|168|rebuilt|slide|01.pptx
card-0028,cards,卡片与容器,native_editable,rebuilt-slide-01.pptx,C:\Users\LENOVO\Documents\seconddevPPT\reference\knight-imagetopptx-skill\assets\rebuilt-slide-01.pptx,1,226,Rounded Rectangle 225,1,5,1118.16,56.16,0.0,1,previews/card-0028.png,,rounded|rectangle|225|rebuilt|slide|01.pptx
card-0029,cards,卡片与容器,native_editable,七页原图批量可编辑复刻.pptx,C:\Users\LENOVO\Documents\seconddevPPT\output\sources-batch\七页原图批量可编辑复刻.pptx,1,12,fast1_lower_1,1,5,1024.165,292.914,0.0,1,previews/card-0029.png,,fast1|lower|1|七页原图批量可编辑复刻.pptx
card-0030,cards,卡片与容器,native_editable,李佳3_视觉OCR快速可编辑复刻.pptx,C:\Users\LENOVO\Documents\seconddevPPT\output\李佳3-fast-vision\李佳3_视觉OCR快速可编辑复刻.pptx,1,72,good_step_1,1,5,102.0,27.0,0.0,4,previews/card-0030.png,,good|step|1|李佳3|视觉ocr快速可编辑复刻.pptx
card-0031,cards,卡片与容器,native_editable,七页原图批量可编辑复刻.pptx,C:\Users\LENOVO\Documents\seconddevPPT\output\sources-batch\七页原图批量可编辑复刻.pptx,4,3,auto_key_4,1,5,1089.0,48.75,0.0,3,previews/card-0031.png,,auto|key|4|七页原图批量可编辑复刻.pptx
card-0032,cards,卡片与容器,native_editable,七页原图批量可编辑复刻.pptx,C:\Users\LENOVO\Documents\seconddevPPT\output\sources-batch\七页原图批量可编辑复刻.pptx,2,10,fast2_column_2_1,1,5,267.0,414.0,0.0,1,previews/card-0032.png,,fast2|column|2|1|七页原图批量可编辑复刻.pptx
card-0033,cards,卡片与容器,native_editable,rebuilt-slide-01.pptx,C:\Users\LENOVO\Documents\seconddevPPT\reference\knight-imagetopptx-skill\assets\rebuilt-slide-01.pptx,1,189,Rectangle 188,1,1,172.8,34.56,0.0,1,previews/card-0033.png,,rectangle|188|rebuilt|slide|01.pptx
card-0034,cards,卡片与容器,native_editable,李佳1_快速可编辑复刻.pptx,C:\Users\LENOVO\Documents\seconddevPPT\output\李佳1-fast-reverse\李佳1_快速可编辑复刻.pptx,1,10,pain_card_1,1,5,261.0,210.75,0.0,3,previews/card-0034.png,,pain|card|1|李佳1|快速可编辑复刻.pptx
card-0035,cards,卡片与容器,native_editable,party-semantic-editable.pptx,C:\Users\LENOVO\Documents\seconddevPPT\output\semantic-rebuild-v9\party-semantic-editable.pptx,1,20,Shape 17,1,5,280.8,118.2,0.0,2,previews/card-0035.png,,shape|17|party|semantic|editable.pptx
card-0036,cards,卡片与容器,native_editable,七页原图批量可编辑复刻.pptx,C:\Users\LENOVO\Documents\seconddevPPT\output\sources-batch\七页原图批量可编辑复刻.pptx,2,15,fast2_bottom_2_1,1,5,246.0,29.25,0.0,1,previews/card-0036.png,,fast2|bottom|2|1|七页原图批量可编辑复刻.pptx
card-0037,cards,卡片与容器,native_editable,七页原图批量可编辑复刻.pptx,C:\Users\LENOVO\Documents\seconddevPPT\output\sources-batch\七页原图批量可编辑复刻.pptx,7,2,red_summary_7,1,5,1147.5,87.0,0.0,1,previews/card-0037.png,,red|summary|7|七页原图批量可编辑复刻.pptx
card-0038,cards,卡片与容器,native_editable,李佳1_快速可编辑复刻.pptx,C:\Users\LENOVO\Documents\seconddevPPT\output\李佳1-fast-reverse\李佳1_快速可编辑复刻.pptx,1,96,solution_result_card,1,5,249.0,288.0,0.0,1,previews/card-0038.png,,solution|result|card|李佳1|快速可编辑复刻.pptx
card-0039,cards,卡片与容器,native_editable,李佳3_视觉OCR快速可编辑复刻.pptx,C:\Users\LENOVO\Documents\seconddevPPT\output\李佳3-fast-vision\李佳3_视觉OCR快速可编辑复刻.pptx,1,54,correct_route,1,5,126.0,258.0,0.0,1,previews/card-0039.png,,correct|route|李佳3|视觉ocr快速可编辑复刻.pptx
card-0040,cards,卡片与容器,native_editable,rebuilt-slide-02.pptx,C:\Users\LENOVO\Documents\seconddevPPT\reference\knight-imagetopptx-skill\assets\rebuilt-slide-02.pptx,1,54,Rounded Rectangle 53,1,5,428.325,73.493,0.0,1,previews/card-0040.png,,rounded|rectangle|53|rebuilt|slide|02.pptx
card-0041,cards,卡片与容器,native_editable,李佳3_视觉OCR快速可编辑复刻.pptx,C:\Users\LENOVO\Documents\seconddevPPT\output\李佳3-fast-vision\李佳3_视觉OCR快速可编辑复刻.pptx,1,42,current_warning,1,5,344.25,44.25,0.0,4,previews/card-0041.png,,current|warning|李佳3|视觉ocr快速可编辑复刻.pptx
card-0042,cards,卡片与容器,native_editable,李佳1_快速可编辑复刻.pptx,C:\Users\LENOVO\Documents\seconddevPPT\output\李佳1-fast-reverse\李佳1_快速可编辑复刻.pptx,1,93,context_footer,1,5,384.0,33.0,0.0,2,previews/card-0042.png,,context|footer|李佳1|快速可编辑复刻.pptx
card-0043,cards,卡片与容器,native_editable,rebuilt-slide-02.pptx,C:\Users\LENOVO\Documents\seconddevPPT\reference\knight-imagetopptx-skill\assets\rebuilt-slide-02.pptx,1,43,Rounded Rectangle 42,1,5,415.694,44.785,0.0,1,previews/card-0043.png,,rounded|rectangle|42|rebuilt|slide|02.pptx
card-0044,cards,卡片与容器,native_editable,rebuilt-slide-01.pptx,C:\Users\LENOVO\Documents\seconddevPPT\reference\knight-imagetopptx-skill\assets\rebuilt-slide-01.pptx,1,171,Rounded Rectangle 170,1,5,183.6,24.48,0.0,1,previews/card-0044.png,,rounded|rectangle|170|rebuilt|slide|01.pptx
card-0045,cards,卡片与容器,native_editable,李佳1_快速可编辑复刻.pptx,C:\Users\LENOVO\Documents\seconddevPPT\output\李佳1-fast-reverse\李佳1_快速可编辑复刻.pptx,1,51,context_card_header,1,1,402.75,37.5,0.0,4,previews/card-0045.png,,context|card|header|李佳1|快速可编辑复刻.pptx
card-0046,cards,卡片与容器,native_editable,识别2-Knight可编辑复刻.pptx,C:\Users\LENOVO\Documents\seconddevPPT\output\knight-recognize2-rebuild\识别2-Knight可编辑复刻.pptx,1,14,core-statement-border,1,5,866.25,46.5,0.0,1,previews/card-0046.png,,core|statement|border|识别2|knight可编辑复刻.pptx
card-0047,cards,卡片与容器,native_editable,七页原图批量可编辑复刻.pptx,C:\Users\LENOVO\Documents\seconddevPPT\output\sources-batch\七页原图批量可编辑复刻.pptx,6,8,auto3_stat_6_312,1,5,439.5,154.5,0.0,2,previews/card-0047.png,,auto3|stat|6|312|七页原图批量可编辑复刻.pptx
card-0048,cards,卡片与容器,native_editable,rebuilt-slide-01.pptx,C:\Users\LENOVO\Documents\seconddevPPT\reference\knight-imagetopptx-skill\assets\rebuilt-slide-01.pptx,1,87,Rectangle 86,1,1,298.08,28.8,0.0,1,previews/card-0048.png,,rectangle|86|rebuilt|slide|01.pptx
card-0049,cards,卡片与容器,native_editable,七页原图批量可编辑复刻.pptx,C:\Users\LENOVO\Documents\seconddevPPT\output\sources-batch\七页原图批量可编辑复刻.pptx,5,12,auto2_footer_5,1,5,1014.0,74.25,0.0,1,previews/card-0049.png,,auto2|footer|5|七页原图批量可编辑复刻.pptx
card-0050,cards,卡片与容器,native_editable,七页原图批量可编辑复刻.pptx,C:\Users\LENOVO\Documents\seconddevPPT\output\sources-batch\七页原图批量可编辑复刻.pptx,1,6,fast1_note_1_44,1,5,216.412,49.623,0.0,3,previews/card-0050.png,,fast1|note|1|44|七页原图批量可编辑复刻.pptx
card-0051,cards,卡片与容器,native_editable,李佳1_快速可编辑复刻.pptx,C:\Users\LENOVO\Documents\seconddevPPT\output\李佳1-fast-reverse\李佳1_快速可编辑复刻.pptx,1,107,conclusion_banner,1,5,1035.0,48.0,0.0,1,previews/card-0051.png,,conclusion|banner|李佳1|快速可编辑复刻.pptx
card-0052,cards,卡片与容器,native_editable,七页原图批量可编辑复刻.pptx,C:\Users\LENOVO\Documents\seconddevPPT\output\sources-batch\七页原图批量可编辑复刻.pptx,1,5,fast1_card_1_44,1,5,239.845,193.668,0.0,1,previews/card-0052.png,,fast1|card|1|44|七页原图批量可编辑复刻.pptx
card-0053,cards,卡片与容器,native_editable,李佳3_视觉OCR快速可编辑复刻.pptx,C:\Users\LENOVO\Documents\seconddevPPT\output\李佳3-fast-vision\李佳3_视觉OCR快速可编辑复刻.pptx,1,55,wrong_route_title,1,5,104.25,30.0,0.0,1,previews/card-0053.png,,wrong|route|title|李佳3|视觉ocr快速可编辑复刻.pptx
card-0054,cards,卡片与容器,native_editable,七页原图批量可编辑复刻.pptx,C:\Users\LENOVO\Documents\seconddevPPT\output\sources-batch\七页原图批量可编辑复刻.pptx,2,24,fast2_row_2_3_385,1,5,249.0,60.0,0.0,3,previews/card-0054.png,,fast2|row|2|3|385|七页原图批量可编辑复刻.pptx
card-0055,cards,卡片与容器,native_editable,七页原图批量可编辑复刻.pptx,C:\Users\LENOVO\Documents\seconddevPPT\output\sources-batch\七页原图批量可编辑复刻.pptx,2,22,fast2_column_2_3,1,5,267.0,414.0,0.0,1,previews/card-0055.png,,fast2|column|2|3|七页原图批量可编辑复刻.pptx
card-0056,cards,卡片与容器,native_editable,rebuilt-slide-01.pptx,C:\Users\LENOVO\Documents\seconddevPPT\reference\knight-imagetopptx-skill\assets\rebuilt-slide-01.pptx,1,70,Rounded Rectangle 69,1,5,552.96,243.36,0.0,1,previews/card-0056.png,,rounded|rectangle|69|rebuilt|slide|01.pptx
card-0057,cards,卡片与容器,native_editable,七页原图批量可编辑复刻.pptx,C:\Users\LENOVO\Documents\seconddevPPT\output\sources-batch\七页原图批量可编辑复刻.pptx,1,11,fast1_result_1,1,5,228.817,241.223,0.0,1,previews/card-0057.png,,fast1|result|1|七页原图批量可编辑复刻.pptx
card-0058,cards,卡片与容器,native_editable,七页原图批量可编辑复刻.pptx,C:\Users\LENOVO\Documents\seconddevPPT\output\sources-batch\七页原图批量可编辑复刻.pptx,7,3,red_label_7,1,1,248.25,79.5,0.0,1,previews/card-0058.png,,red|label|7|七页原图批量可编辑复刻.pptx
card-0059,cards,卡片与容器,native_editable,七页原图批量可编辑复刻.pptx,C:\Users\LENOVO\Documents\seconddevPPT\output\sources-batch\七页原图批量可编辑复刻.pptx,1,7,fast1_card_1_413,1,5,239.845,193.668,0.0,2,previews/card-0059.png,,fast1|card|1|413|七页原图批量可编辑复刻.pptx
card-0060,cards,卡片与容器,native_editable,rebuilt-slide-01.pptx,C:\Users\LENOVO\Documents\seconddevPPT\reference\knight-imagetopptx-skill\assets\rebuilt-slide-01.pptx,1,6,Rounded Rectangle 5,1,5,140.4,27.36,0.0,1,previews/card-0060.png,,rounded|rectangle|5|rebuilt|slide|01.pptx
card-0061,cards,卡片与容器,native_editable,七页原图批量可编辑复刻.pptx,C:\Users\LENOVO\Documents\seconddevPPT\output\sources-batch\七页原图批量可编辑复刻.pptx,2,18,fast2_row_2_2_385,1,5,249.0,60.0,0.0,3,previews/card-0061.png,,fast2|row|2|385|七页原图批量可编辑复刻.pptx
card-0062,cards,卡片与容器,native_editable,七页原图批量可编辑复刻.pptx,C:\Users\LENOVO\Documents\seconddevPPT\output\sources-batch\七页原图批量可编辑复刻.pptx,3,6,fast3_panel_3_1,1,5,375.0,494.25,0.0,1,previews/card-0062.png,,fast3|panel|3|1|七页原图批量可编辑复刻.pptx
card-0063,cards,卡片与容器,native_editable,李佳3_视觉OCR快速可编辑复刻.pptx,C:\Users\LENOVO\Documents\seconddevPPT\output\李佳3-fast-vision\李佳3_视觉OCR快速可编辑复刻.pptx,1,30,loop_callout_2,1,5,87.75,50.25,0.0,2,previews/card-0063.png,,loop|callout|2|李佳3|视觉ocr快速可编辑复刻.pptx
card-0064,cards,卡片与容器,native_editable,李佳3_视觉OCR快速可编辑复刻.pptx,C:\Users\LENOVO\Documents\seconddevPPT\output\李佳3-fast-vision\李佳3_视觉OCR快速可编辑复刻.pptx,1,84,root_warning,1,5,339.75,44.25,0.0,2,previews/card-0064.png,,root|warning|李佳3|视觉ocr快速可编辑复刻.pptx
card-0065,cards,卡片与容器,native_editable,李佳3_视觉OCR快速可编辑复刻.pptx,C:\Users\LENOVO\Documents\seconddevPPT\output\李佳3-fast-vision\李佳3_视觉OCR快速可编辑复刻.pptx,1,122,footer_banner,1,5,1185.75,63.75,0.0,2,previews/card-0065.png,,footer|banner|李佳3|视觉ocr快速可编辑复刻.pptx
card-0066,cards,卡片与容器,native_editable,七页原图批量可编辑复刻.pptx,C:\Users\LENOVO\Documents\seconddevPPT\output\sources-batch\七页原图批量可编辑复刻.pptx,3,14,fast3_step_3_594_0,1,5,102.0,27.0,0.0,4,previews/card-0066.png,,fast3|step|3|594|0|七页原图批量可编辑复刻.pptx
card-0067,cards,卡片与容器,native_editable,rebuilt-slide-01.pptx,C:\Users\LENOVO\Documents\seconddevPPT\reference\knight-imagetopptx-skill\assets\rebuilt-slide-01.pptx,1,206,Rounded Rectangle 205,1,5,1097.28,104.4,0.0,1,previews/card-0067.png,,rounded|rectangle|205|rebuilt|slide|01.pptx
card-0068,cards,卡片与容器,native_editable,识别2-Knight可编辑复刻.pptx,C:\Users\LENOVO\Documents\seconddevPPT\output\knight-recognize2-rebuild\识别2-Knight可编辑复刻.pptx,1,35,monthly-chart-panel,1,5,615.0,364.5,0.0,1,previews/card-0068.png,,monthly|chart|panel|识别2|knight可编辑复刻.pptx
card-0069,cards,卡片与容器,native_editable,七页原图批量可编辑复刻.pptx,C:\Users\LENOVO\Documents\seconddevPPT\output\sources-batch\七页原图批量可编辑复刻.pptx,4,9,auto_footer_4,1,5,975.0,54.75,0.0,1,previews/card-0069.png,,auto|footer|4|七页原图批量可编辑复刻.pptx
card-0070,cards,卡片与容器,native_editable,rebuilt-slide-02.pptx,C:\Users\LENOVO\Documents\seconddevPPT\reference\knight-imagetopptx-skill\assets\rebuilt-slide-02.pptx,1,40,Rounded Rectangle 39,1,5,448.421,430.622,0.0,1,previews/card-0070.png,,rounded|rectangle|39|rebuilt|slide|02.pptx
card-0071,cards,卡片与容器,native_editable,识别2-Knight可编辑复刻.pptx,C:\Users\LENOVO\Documents\seconddevPPT\output\knight-recognize2-rebuild\识别2-Knight可编辑复刻.pptx,1,81,chart-conclusion-band,1,5,582.0,58.5,0.0,1,previews/card-0071.png,,chart|conclusion|band|识别2|knight可编辑复刻.pptx
card-0072,cards,卡片与容器,native_editable,rebuilt-slide-01.pptx,C:\Users\LENOVO\Documents\seconddevPPT\reference\knight-imagetopptx-skill\assets\rebuilt-slide-01.pptx,1,210,Rounded Rectangle 209,1,5,257.76,66.24,0.0,1,previews/card-0072.png,,rounded|rectangle|209|rebuilt|slide|01.pptx
card-0073,cards,卡片与容器,native_editable,识别3-Knight可编辑复刻.pptx,C:\Users\LENOVO\Documents\seconddevPPT\output\knight-recognize3-rebuild\识别3-Knight可编辑复刻.pptx,1,53,kpi-card-penetration,1,5,439.5,153.0,0.0,1,previews/card-0073.png,,kpi|card|penetration|识别3|knight可编辑复刻.pptx
card-0074,cards,卡片与容器,native_editable,rebuilt-slide-01.pptx,C:\Users\LENOVO\Documents\seconddevPPT\reference\knight-imagetopptx-skill\assets\rebuilt-slide-01.pptx,1,207,Rounded Rectangle 206,1,5,166.32,27.36,0.0,2,previews/card-0074.png,,rounded|rectangle|206|rebuilt|slide|01.pptx
card-0075,cards,卡片与容器,native_editable,rebuilt-slide-01.pptx,C:\Users\LENOVO\Documents\seconddevPPT\reference\knight-imagetopptx-skill\assets\rebuilt-slide-01.pptx,1,153,Rounded Rectangle 152,1,5,534.96,243.36,0.0,1,previews/card-0075.png,,rounded|rectangle|152|rebuilt|slide|01.pptx
card-0076,cards,卡片与容器,native_editable,rebuilt-slide-01.pptx,C:\Users\LENOVO\Documents\seconddevPPT\reference\knight-imagetopptx-skill\assets\rebuilt-slide-01.pptx,1,160,Rounded Rectangle 159,1,5,110.16,32.4,0.0,1,previews/card-0076.png,,rounded|rectangle|159|rebuilt|slide|01.pptx
card-0077,cards,卡片与容器,native_editable,rebuilt-slide-01.pptx,C:\Users\LENOVO\Documents\seconddevPPT\reference\knight-imagetopptx-skill\assets\rebuilt-slide-01.pptx,1,174,Rounded Rectangle 173,1,5,183.6,72.72,0.0,1,previews/card-0077.png,,rounded|rectangle|173|rebuilt|slide|01.pptx
card-0078,cards,卡片与容器,native_editable,七页原图批量可编辑复刻.pptx,C:\Users\LENOVO\Documents\seconddevPPT\output\sources-batch\七页原图批量可编辑复刻.pptx,5,4,auto2_metric_5_0,1,5,426.75,157.5,0.0,2,previews/card-0078.png,,auto2|metric|5|0|七页原图批量可编辑复刻.pptx
card-0079,cards,卡片与容器,native_editable,七页原图批量可编辑复刻.pptx,C:\Users\LENOVO\Documents\seconddevPPT\output\sources-batch\七页原图批量可编辑复刻.pptx,5,6,auto2_chart_5,1,5,639.0,381.0,0.0,1,previews/card-0079.png,,auto2|chart|5|七页原图批量可编辑复刻.pptx
card-0080,cards,卡片与容器,native_editable,七页原图批量可编辑复刻.pptx,C:\Users\LENOVO\Documents\seconddevPPT\output\sources-batch\七页原图批量可编辑复刻.pptx,7,16,red_footer_7,1,5,1147.5,46.5,0.0,1,previews/card-0080.png,,red|footer|7|七页原图批量可编辑复刻.pptx
card-0081,cards,卡片与容器,native_editable,rebuilt-slide-02.pptx,C:\Users\LENOVO\Documents\seconddevPPT\reference\knight-imagetopptx-skill\assets\rebuilt-slide-02.pptx,1,49,Rounded Rectangle 48,1,5,413.397,90.718,0.0,1,previews/card-0081.png,,rounded|rectangle|48|rebuilt|slide|02.pptx
card-0082,cards,卡片与容器,native_editable,rebuilt-slide-01.pptx,C:\Users\LENOVO\Documents\seconddevPPT\reference\knight-imagetopptx-skill\assets\rebuilt-slide-01.pptx,1,97,Rectangle 96,1,1,53.28,25.2,0.0,1,previews/card-0082.png,,rectangle|96|rebuilt|slide|01.pptx
card-0083,cards,卡片与容器,native_editable,李佳1_快速可编辑复刻.pptx,C:\Users\LENOVO\Documents\seconddevPPT\output\李佳1-fast-reverse\李佳1_快速可编辑复刻.pptx,1,34,problem_result_card,1,5,249.0,262.5,0.0,1,previews/card-0083.png,,problem|result|card|李佳1|快速可编辑复刻.pptx
card-0084,cards,卡片与容器,native_editable,七页原图批量可编辑复刻.pptx,C:\Users\LENOVO\Documents\seconddevPPT\output\sources-batch\七页原图批量可编辑复刻.pptx,1,18,fast1_footer_1,1,5,951.108,44.109,0.0,1,previews/card-0084.png,,fast1|footer|1|七页原图批量可编辑复刻.pptx
card-0085,cards,卡片与容器,native_editable,七页原图批量可编辑复刻.pptx,C:\Users\LENOVO\Documents\seconddevPPT\output\sources-batch\七页原图批量可编辑复刻.pptx,6,4,auto3_circle_6,1,5,322.5,292.5,0.0,1,previews/card-0085.png,,auto3|circle|6|七页原图批量可编辑复刻.pptx
card-0086,cards,卡片与容器,native_editable,李佳1_快速可编辑复刻.pptx,C:\Users\LENOVO\Documents\seconddevPPT\output\李佳1-fast-reverse\李佳1_快速可编辑复刻.pptx,1,6,problem_section,1,5,1114.5,279.75,0.0,1,previews/card-0086.png,,problem|section|李佳1|快速可编辑复刻.pptx
card-0087,cards,卡片与容器,native_editable,识别2-Knight可编辑复刻.pptx,C:\Users\LENOVO\Documents\seconddevPPT\output\knight-recognize2-rebuild\识别2-Knight可编辑复刻.pptx,1,16,metric-card-01,1,5,411.0,153.0,0.0,1,previews/card-0087.png,,metric|card|01|识别2|knight可编辑复刻.pptx
card-0088,cards,卡片与容器,native_editable,李佳3_视觉OCR快速可编辑复刻.pptx,C:\Users\LENOVO\Documents\seconddevPPT\output\李佳3-fast-vision\李佳3_视觉OCR快速可编辑复刻.pptx,1,56,correct_route_title,1,5,104.25,30.0,0.0,1,previews/card-0088.png,,correct|route|title|李佳3|视觉ocr快速可编辑复刻.pptx
card-0089,cards,卡片与容器,native_editable,rebuilt-slide-01.pptx,C:\Users\LENOVO\Documents\seconddevPPT\reference\knight-imagetopptx-skill\assets\rebuilt-slide-01.pptx,1,86,Rounded Rectangle 85,1,5,298.08,173.52,0.0,1,previews/card-0089.png,,rounded|rectangle|85|rebuilt|slide|01.pptx
card-0090,cards,卡片与容器,native_editable,七页原图批量可编辑复刻.pptx,C:\Users\LENOVO\Documents\seconddevPPT\output\sources-batch\七页原图批量可编辑复刻.pptx,3,13,fast3_path_3_594,1,5,125.25,258.0,0.0,2,previews/card-0090.png,,fast3|path|3|594|七页原图批量可编辑复刻.pptx
card-0091,cards,卡片与容器,native_editable,七页原图批量可编辑复刻.pptx,C:\Users\LENOVO\Documents\seconddevPPT\output\sources-batch\七页原图批量可编辑复刻.pptx,2,6,fast2_row_2_0_385,1,5,249.0,60.0,0.0,3,previews/card-0091.png,,fast2|row|2|0|385|七页原图批量可编辑复刻.pptx
card-0092,cards,卡片与容器,native_editable,李佳3_视觉OCR快速可编辑复刻.pptx,C:\Users\LENOVO\Documents\seconddevPPT\output\李佳3-fast-vision\李佳3_视觉OCR快速可编辑复刻.pptx,1,53,wrong_route,1,5,125.25,258.0,0.0,1,previews/card-0092.png,,wrong|route|李佳3|视觉ocr快速可编辑复刻.pptx
card-0093,cards,卡片与容器,native_editable,李佳1_快速可编辑复刻.pptx,C:\Users\LENOVO\Documents\seconddevPPT\output\李佳1-fast-reverse\李佳1_快速可编辑复刻.pptx,1,49,context_card,1,5,402.75,255.75,0.0,1,previews/card-0093.png,,context|card|李佳1|快速可编辑复刻.pptx
card-0094,cards,卡片与容器,native_editable,李佳3_视觉OCR快速可编辑复刻.pptx,C:\Users\LENOVO\Documents\seconddevPPT\output\李佳3-fast-vision\李佳3_视觉OCR快速可编辑复刻.pptx,1,61,wrong_step_1,1,5,102.0,27.0,0.0,4,previews/card-0094.png,,wrong|step|1|李佳3|视觉ocr快速可编辑复刻.pptx
card-0095,cards,卡片与容器,native_editable,party-semantic-editable.pptx,C:\Users\LENOVO\Documents\seconddevPPT\output\semantic-rebuild-v9\party-semantic-editable.pptx,1,9,Shape 6,1,5,886.2,68.4,0.0,1,previews/card-0095.png,,shape|6|party|semantic|editable.pptx
card-0096,cards,卡片与容器,native_editable,rebuilt-slide-01.pptx,C:\Users\LENOVO\Documents\seconddevPPT\reference\knight-imagetopptx-skill\assets\rebuilt-slide-01.pptx,1,222,Rounded Rectangle 221,1,5,249.12,66.24,0.0,1,previews/card-0096.png,,rounded|rectangle|221|rebuilt|slide|01.pptx
card-0097,cards,卡片与容器,native_editable,七页原图批量可编辑复刻.pptx,C:\Users\LENOVO\Documents\seconddevPPT\output\sources-batch\七页原图批量可编辑复刻.pptx,2,21,fast2_bottom_2_2,1,5,246.0,29.25,0.0,1,previews/card-0097.png,,fast2|bottom|2|七页原图批量可编辑复刻.pptx
card-0098,cards,卡片与容器,native_editable,七页原图批量可编辑复刻.pptx,C:\Users\LENOVO\Documents\seconddevPPT\output\sources-batch\七页原图批量可编辑复刻.pptx,4,6,auto_right_4_272,1,5,622.5,120.0,0.0,3,previews/card-0098.png,,auto|right|4|272|七页原图批量可编辑复刻.pptx
card-0099,cards,卡片与容器,native_editable,李佳3_视觉OCR快速可编辑复刻.pptx,C:\Users\LENOVO\Documents\seconddevPPT\output\李佳3-fast-vision\李佳3_视觉OCR快速可编辑复刻.pptx,1,10,panel_result,1,5,383.25,494.25,0.0,4,previews/card-0099.png,,panel|result|李佳3|视觉ocr快速可编辑复刻.pptx
card-0100,cards,卡片与容器,native_editable,七页原图批量可编辑复刻.pptx,C:\Users\LENOVO\Documents\seconddevPPT\output\sources-batch\七页原图批量可编辑复刻.pptx,2,16,fast2_column_2_2,1,5,267.0,414.0,0.0,1,previews/card-0100.png,,fast2|column|2|七页原图批量可编辑复刻.pptx
card-0101,cards,卡片与容器,native_editable,七页原图批量可编辑复刻.pptx,C:\Users\LENOVO\Documents\seconddevPPT\output\sources-batch\七页原图批量可编辑复刻.pptx,4,5,auto_left_4,1,5,436.5,420.0,0.0,1,previews/card-0101.png,,auto|left|4|七页原图批量可编辑复刻.pptx
card-0102,cards,卡片与容器,native_editable,李佳1_快速可编辑复刻.pptx,C:\Users\LENOVO\Documents\seconddevPPT\output\李佳1-fast-reverse\李佳1_快速可编辑复刻.pptx,1,44,solution_section,1,5,1114.5,318.75,0.0,1,previews/card-0102.png,,solution|section|李佳1|快速可编辑复刻.pptx
card-0103,cards,卡片与容器,native_editable,rebuilt-slide-02.pptx,C:\Users\LENOVO\Documents\seconddevPPT\reference\knight-imagetopptx-skill\assets\rebuilt-slide-02.pptx,1,51,Rounded Rectangle 50,1,5,413.397,59.713,0.0,1,previews/card-0103.png,,rounded|rectangle|50|rebuilt|slide|02.pptx
card-0104,cards,卡片与容器,native_editable,七页原图批量可编辑复刻.pptx,C:\Users\LENOVO\Documents\seconddevPPT\output\sources-batch\七页原图批量可编辑复刻.pptx,7,4,red_card_7_70_372,1,5,366.0,151.5,0.0,6,previews/card-0104.png,,red|card|7|70|372|七页原图批量可编辑复刻.pptx
card-0105,cards,卡片与容器,native_editable,七页原图批量可编辑复刻.pptx,C:\Users\LENOVO\Documents\seconddevPPT\output\sources-batch\七页原图批量可编辑复刻.pptx,2,28,fast2_conclusion_2,1,5,1166.25,45.0,0.0,1,previews/card-0105.png,,fast2|conclusion|2|七页原图批量可编辑复刻.pptx
card-0106,cards,卡片与容器,native_editable,七页原图批量可编辑复刻.pptx,C:\Users\LENOVO\Documents\seconddevPPT\output\sources-batch\七页原图批量可编辑复刻.pptx,6,10,auto3_footer_6,1,5,1085.25,83.25,0.0,1,previews/card-0106.png,,auto3|footer|6|七页原图批量可编辑复刻.pptx
card-0107,cards,卡片与容器,native_editable,rebuilt-slide-01.pptx,C:\Users\LENOVO\Documents\seconddevPPT\reference\knight-imagetopptx-skill\assets\rebuilt-slide-01.pptx,1,214,Rounded Rectangle 213,1,5,268.56,66.24,0.0,1,previews/card-0107.png,,rounded|rectangle|213|rebuilt|slide|01.pptx
card-0108,cards,卡片与容器,native_editable,rebuilt-slide-01.pptx,C:\Users\LENOVO\Documents\seconddevPPT\reference\knight-imagetopptx-skill\assets\rebuilt-slide-01.pptx,1,71,Rounded Rectangle 70,1,5,168.48,27.36,0.0,1,previews/card-0108.png,,rounded|rectangle|70|rebuilt|slide|01.pptx
card-0109,cards,卡片与容器,native_editable,party-semantic-editable.pptx,C:\Users\LENOVO\Documents\seconddevPPT\output\semantic-rebuild-v9\party-semantic-editable.pptx,1,17,Shape 14,1,5,279.0,118.8,0.0,2,previews/card-0109.png,,shape|14|party|semantic|editable.pptx
card-0110,cards,卡片与容器,native_editable,rebuilt-slide-01.pptx,C:\Users\LENOVO\Documents\seconddevPPT\reference\knight-imagetopptx-skill\assets\rebuilt-slide-01.pptx,1,188,Rounded Rectangle 187,1,5,172.8,182.16,0.0,1,previews/card-0110.png,,rounded|rectangle|187|rebuilt|slide|01.pptx
card-0111,cards,卡片与容器,native_editable,rebuilt-slide-01.pptx,C:\Users\LENOVO\Documents\seconddevPPT\reference\knight-imagetopptx-skill\assets\rebuilt-slide-01.pptx,1,75,Rectangle 74,1,1,205.2,28.8,0.0,1,previews/card-0111.png,,rectangle|74|rebuilt|slide|01.pptx
card-0112,cards,卡片与容器,native_editable,party-semantic-editable.pptx,C:\Users\LENOVO\Documents\seconddevPPT\output\semantic-rebuild-v9\party-semantic-editable.pptx,1,11,Shape 8,1,5,280.8,107.4,0.0,1,previews/card-0112.png,,shape|8|party|semantic|editable.pptx
card-0113,cards,卡片与容器,native_editable,七页原图批量可编辑复刻.pptx,C:\Users\LENOVO\Documents\seconddevPPT\output\sources-batch\七页原图批量可编辑复刻.pptx,2,9,fast2_bottom_2_0,1,5,246.0,29.25,0.0,1,previews/card-0113.png,,fast2|bottom|2|0|七页原图批量可编辑复刻.pptx
card-0114,cards,卡片与容器,native_editable,rebuilt-slide-01.pptx,C:\Users\LENOVO\Documents\seconddevPPT\reference\knight-imagetopptx-skill\assets\rebuilt-slide-01.pptx,1,231,Rounded Rectangle 230,1,5,380.16,36.72,0.0,1,previews/card-0114.png,,rounded|rectangle|230|rebuilt|slide|01.pptx
card-0115,cards,卡片与容器,native_editable,识别2-Knight可编辑复刻.pptx,C:\Users\LENOVO\Documents\seconddevPPT\output\knight-recognize2-rebuild\识别2-Knight可编辑复刻.pptx,1,17,metric-card-01-corner,5,138,66.0,39.0,0.0,2,previews/card-0115.png,,metric|card|01|corner|识别2|knight可编辑复刻.pptx
card-0116,cards,卡片与容器,native_editable,rebuilt-slide-01.pptx,C:\Users\LENOVO\Documents\seconddevPPT\reference\knight-imagetopptx-skill\assets\rebuilt-slide-01.pptx,1,9,Rounded Rectangle 8,1,5,110.88,130.32,0.0,4,previews/card-0116.png,,rounded|rectangle|8|rebuilt|slide|01.pptx
card-0117,cards,卡片与容器,native_editable,party-semantic-editable.pptx,C:\Users\LENOVO\Documents\seconddevPPT\output\semantic-rebuild-v9\party-semantic-editable.pptx,1,10,Shape 7,1,5,890.4,40.2,0.0,1,previews/card-0117.png,,shape|7|party|semantic|editable.pptx
card-0118,cards,卡片与容器,native_editable,七页原图批量可编辑复刻.pptx,C:\Users\LENOVO\Documents\seconddevPPT\output\sources-batch\七页原图批量可编辑复刻.pptx,2,12,fast2_row_2_1_385,1,5,249.0,60.0,0.0,3,previews/card-0118.png,,fast2|row|2|1|385|七页原图批量可编辑复刻.pptx
card-0119,cards,卡片与容器,native_editable,rebuilt-slide-01.pptx,C:\Users\LENOVO\Documents\seconddevPPT\reference\knight-imagetopptx-skill\assets\rebuilt-slide-01.pptx,1,95,Rectangle 94,1,1,54.0,25.2,0.0,1,previews/card-0119.png,,rectangle|94|rebuilt|slide|01.pptx
card-0120,cards,卡片与容器,native_editable,识别3-Knight可编辑复刻.pptx,C:\Users\LENOVO\Documents\seconddevPPT\output\knight-recognize3-rebuild\识别3-Knight可编辑复刻.pptx,1,43,kpi-card-production-sales,1,5,439.5,154.5,0.0,1,previews/card-0120.png,,kpi|card|production|sales|识别3|knight可编辑复刻.pptx
card-0121,cards,卡片与容器,native_editable,rebuilt-slide-02.pptx,C:\Users\LENOVO\Documents\seconddevPPT\reference\knight-imagetopptx-skill\assets\rebuilt-slide-02.pptx,1,37,Rounded Rectangle 36,1,5,438.66,36.746,0.0,1,previews/card-0121.png,,rounded|rectangle|36|rebuilt|slide|02.pptx
connector-0001,connectors,连接器,native_editable,rebuilt-slide-01.pptx,C:\Users\LENOVO\Documents\seconddevPPT\reference\knight-imagetopptx-skill\assets\rebuilt-slide-01.pptx,1,195,Connector 194,9,-2,154.8,0.0,0.0,2,previews/connector-0001.png,,connector|194|rebuilt|slide|01.pptx
connector-0002,connectors,连接器,native_editable,rebuilt-slide-02.pptx,C:\Users\LENOVO\Documents\seconddevPPT\reference\knight-imagetopptx-skill\assets\rebuilt-slide-02.pptx,1,57,Connector 56,9,-2,0.0,45.933,0.0,4,previews/connector-0002.png,,connector|56|rebuilt|slide|02.pptx
connector-0003,connectors,连接器,native_editable,rebuilt-slide-02.pptx,C:\Users\LENOVO\Documents\seconddevPPT\reference\knight-imagetopptx-skill\assets\rebuilt-slide-02.pptx,1,33,Connector 32,9,-2,382.392,0.0,0.0,4,previews/connector-0003.png,,connector|32|rebuilt|slide|02.pptx
connector-0004,connectors,连接器,native_editable,rebuilt-slide-01.pptx,C:\Users\LENOVO\Documents\seconddevPPT\reference\knight-imagetopptx-skill\assets\rebuilt-slide-01.pptx,1,79,Connector 78,9,-2,205.2,0.0,0.0,2,previews/connector-0004.png,,connector|78|rebuilt|slide|01.pptx
connector-0005,connectors,连接器,native_editable,rebuilt-slide-02.pptx,C:\Users\LENOVO\Documents\seconddevPPT\reference\knight-imagetopptx-skill\assets\rebuilt-slide-02.pptx,1,7,Connector 6,9,-2,24.115,0.0,0.0,1,previews/connector-0005.png,,connector|6|rebuilt|slide|02.pptx
connector-0006,connectors,连接器,native_editable,rebuilt-slide-02.pptx,C:\Users\LENOVO\Documents\seconddevPPT\reference\knight-imagetopptx-skill\assets\rebuilt-slide-02.pptx,1,6,Connector 5,9,-2,0.0,306.603,0.0,1,previews/connector-0006.png,,connector|5|rebuilt|slide|02.pptx
decor-shape-0001,decorative_shapes,装饰形状,native_editable,识别2-Knight可编辑复刻.pptx,C:\Users\LENOVO\Documents\seconddevPPT\output\knight-recognize2-rebuild\识别2-Knight可编辑复刻.pptx,1,58,chart-series-segment-1,5,138,93.0,11.314,0.0,1,previews/decor-shape-0001.png,,chart|series|segment|1|识别2|knight可编辑复刻.pptx
decor-shape-0002,decorative_shapes,装饰形状,native_editable,识别2-Knight可编辑复刻.pptx,C:\Users\LENOVO\Documents\seconddevPPT\output\knight-recognize2-rebuild\识别2-Knight可编辑复刻.pptx,1,59,chart-series-segment-2,5,138,93.0,14.143,0.0,4,previews/decor-shape-0002.png,,chart|series|segment|2|识别2|knight可编辑复刻.pptx
decor-shape-0003,decorative_shapes,装饰形状,native_editable,识别3-Knight可编辑复刻.pptx,C:\Users\LENOVO\Documents\seconddevPPT\output\knight-recognize3-rebuild\识别3-Knight可编辑复刻.pptx,1,13,core-statement-bg,5,138,913.5,50.25,0.0,1,previews/decor-shape-0003.png,,core|statement|bg|识别3|knight可编辑复刻.pptx
decor-visual-0001,decorative_visuals,装饰视觉,picture,识别3-Knight可编辑复刻.pptx,C:\Users\LENOVO\Documents\seconddevPPT\output\knight-recognize3-rebuild\识别3-Knight可编辑复刻.pptx,1,89,Picture 88,13,1,450.0,253.26,0.0,1,previews/decor-visual-0001.png,assets/png/decor-visual-0001.png,picture|88|识别3|knight可编辑复刻.pptx
decor-visual-0002,decorative_visuals,装饰视觉,picture,rebuilt-slide-01.pptx,C:\Users\LENOVO\Documents\seconddevPPT\reference\knight-imagetopptx-skill\assets\rebuilt-slide-01.pptx,1,2,Picture 1,13,1,446.4,90.72,0.0,1,previews/decor-visual-0002.png,assets/png/decor-visual-0002.png,picture|1|top|decor|skyline.png|rebuilt|slide|01.pptx
icon-0001,icons,图标,picture,识别3-Knight可编辑复刻.pptx,C:\Users\LENOVO\Documents\seconddevPPT\output\knight-recognize3-rebuild\识别3-Knight可编辑复刻.pptx,1,161,Picture 160,13,1,39.75,39.75,0.0,1,previews/icon-0001.png,assets/png/icon-0001.png,picture|160|识别3|knight可编辑复刻.pptx
icon-0002,icons,图标,picture,识别3-Knight可编辑复刻.pptx,C:\Users\LENOVO\Documents\seconddevPPT\output\knight-recognize3-rebuild\识别3-Knight可编辑复刻.pptx,1,94,Picture 93,13,1,29.25,29.25,0.0,1,previews/icon-0002.png,assets/png/icon-0002.png,picture|93|识别3|knight可编辑复刻.pptx
icon-0003,icons,图标,picture,rebuilt-slide-02.pptx,C:\Users\LENOVO\Documents\seconddevPPT\reference\knight-imagetopptx-skill\assets\rebuilt-slide-02.pptx,1,55,Picture 54,13,1,36.736,36.736,0.0,1,previews/icon-0003.png,assets/png/icon-0003.png,picture|54|role|user.png|rebuilt|slide|02.pptx
icon-0004,icons,图标,picture,rebuilt-slide-01.pptx,C:\Users\LENOVO\Documents\seconddevPPT\reference\knight-imagetopptx-skill\assets\rebuilt-slide-01.pptx,1,211,Picture 210,13,1,62.087,62.087,0.0,1,previews/icon-0004.png,assets/png/icon-0004.png,picture|210|efficiency.png|rebuilt|slide|01.pptx
icon-0005,icons,图标,picture,rebuilt-slide-02.pptx,C:\Users\LENOVO\Documents\seconddevPPT\reference\knight-imagetopptx-skill\assets\rebuilt-slide-02.pptx,1,52,Picture 51,13,1,66.746,66.746,0.0,1,previews/icon-0005.png,assets/png/icon-0005.png,picture|51|warning|triangle.png|rebuilt|slide|02.pptx
icon-0006,icons,图标,picture,rebuilt-slide-01.pptx,C:\Users\LENOVO\Documents\seconddevPPT\reference\knight-imagetopptx-skill\assets\rebuilt-slide-01.pptx,1,161,Picture 160,13,1,25.223,25.223,0.0,1,previews/icon-0006.png,assets/png/icon-0006.png,picture|160|play|white.png|rebuilt|slide|01.pptx
icon-0007,icons,图标,picture,识别2-Knight可编辑复刻.pptx,C:\Users\LENOVO\Documents\seconddevPPT\output\knight-recognize2-rebuild\识别2-Knight可编辑复刻.pptx,1,119,Picture 118,13,1,78.75,78.75,0.0,1,previews/icon-0007.png,assets/png/icon-0007.png,picture|118|识别2|knight可编辑复刻.pptx
icon-0008,icons,图标,picture,rebuilt-slide-01.pptx,C:\Users\LENOVO\Documents\seconddevPPT\reference\knight-imagetopptx-skill\assets\rebuilt-slide-01.pptx,1,228,Picture 227,13,1,55.296,55.296,0.0,1,previews/icon-0008.png,assets/png/icon-0008.png,picture|227|target|white.png|rebuilt|slide|01.pptx
icon-0009,icons,图标,picture,识别2-Knight可编辑复刻.pptx,C:\Users\LENOVO\Documents\seconddevPPT\output\knight-recognize2-rebuild\识别2-Knight可编辑复刻.pptx,1,188,Picture 187,13,1,48.75,48.75,0.0,1,previews/icon-0009.png,assets/png/icon-0009.png,picture|187|识别2|knight可编辑复刻.pptx
icon-0010,icons,图标,picture,识别2-Knight可编辑复刻.pptx,C:\Users\LENOVO\Documents\seconddevPPT\output\knight-recognize2-rebuild\识别2-Knight可编辑复刻.pptx,1,109,Picture 108,13,1,33.0,33.0,0.0,1,previews/icon-0010.png,assets/png/icon-0010.png,picture|108|识别2|knight可编辑复刻.pptx
icon-0011,icons,图标,picture,rebuilt-slide-02.pptx,C:\Users\LENOVO\Documents\seconddevPPT\reference\knight-imagetopptx-skill\assets\rebuilt-slide-02.pptx,1,47,Picture 46,13,1,56.081,56.081,0.0,1,previews/icon-0011.png,assets/png/icon-0011.png,picture|46|good|check.png|rebuilt|slide|02.pptx
icon-0012,icons,图标,picture,rebuilt-slide-01.pptx,C:\Users\LENOVO\Documents\seconddevPPT\reference\knight-imagetopptx-skill\assets\rebuilt-slide-01.pptx,1,42,Picture 41,13,1,60.146,60.146,0.0,1,previews/icon-0012.png,assets/png/icon-0012.png,picture|41|brain.png|rebuilt|slide|01.pptx
icon-0013,icons,图标,picture,李佳1_快速可编辑复刻.pptx,C:\Users\LENOVO\Documents\seconddevPPT\output\李佳1-fast-reverse\李佳1_快速可编辑复刻.pptx,1,120,Picture 119,13,1,33.75,33.016,0.0,1,previews/icon-0013.png,assets/png/icon-0013.png,picture|119|李佳1|快速可编辑复刻.pptx
icon-0014,icons,图标,picture,party-semantic-editable.pptx,C:\Users\LENOVO\Documents\seconddevPPT\output\semantic-rebuild-v9\party-semantic-editable.pptx,1,33,Image 4,13,1,75.0,63.6,0.0,1,previews/icon-0014.png,assets/png/icon-0014.png,image|4|preencoded.png|party|semantic|editable.pptx
icon-0015,icons,图标,picture,rebuilt-slide-02.pptx,C:\Users\LENOVO\Documents\seconddevPPT\reference\knight-imagetopptx-skill\assets\rebuilt-slide-02.pptx,1,20,Picture 19,13,1,72.209,72.209,0.0,1,previews/icon-0015.png,assets/png/icon-0015.png,picture|19|step|clipboard.png|rebuilt|slide|02.pptx
icon-0016,icons,图标,picture,rebuilt-slide-01.pptx,C:\Users\LENOVO\Documents\seconddevPPT\reference\knight-imagetopptx-skill\assets\rebuilt-slide-01.pptx,1,77,Picture 76,13,1,31.043,31.043,0.0,2,previews/icon-0016.png,assets/png/icon-0016.png,picture|76|pin.png|rebuilt|slide|01.pptx
icon-0017,icons,图标,picture,party-semantic-editable.pptx,C:\Users\LENOVO\Documents\seconddevPPT\output\semantic-rebuild-v9\party-semantic-editable.pptx,1,35,Image 6,13,1,75.0,48.6,0.0,1,previews/icon-0017.png,assets/png/icon-0017.png,image|6|preencoded.png|party|semantic|editable.pptx
icon-0018,icons,图标,picture,rebuilt-slide-02.pptx,C:\Users\LENOVO\Documents\seconddevPPT\reference\knight-imagetopptx-skill\assets\rebuilt-slide-02.pptx,1,25,Picture 24,13,1,72.209,72.209,0.0,1,previews/icon-0018.png,assets/png/icon-0018.png,picture|24|step|gears.png|rebuilt|slide|02.pptx
icon-0019,icons,图标,picture,party-semantic-editable.pptx,C:\Users\LENOVO\Documents\seconddevPPT\output\semantic-rebuild-v9\party-semantic-editable.pptx,1,31,Image 2,13,1,66.6,59.4,0.0,1,previews/icon-0019.png,assets/png/icon-0019.png,image|2|preencoded.png|party|semantic|editable.pptx
icon-0020,icons,图标,picture,rebuilt-slide-01.pptx,C:\Users\LENOVO\Documents\seconddevPPT\reference\knight-imagetopptx-skill\assets\rebuilt-slide-01.pptx,1,183,Picture 182,13,1,27.163,27.163,0.0,1,previews/icon-0020.png,assets/png/icon-0020.png,picture|182|file|result.png|rebuilt|slide|01.pptx
icon-0021,icons,图标,picture,party-semantic-editable.pptx,C:\Users\LENOVO\Documents\seconddevPPT\output\semantic-rebuild-v9\party-semantic-editable.pptx,1,30,Image 1,13,1,75.0,46.2,0.0,1,previews/icon-0021.png,assets/png/icon-0021.png,image|1|preencoded.png|party|semantic|editable.pptx
icon-0022,icons,图标,picture,rebuilt-slide-02.pptx,C:\Users\LENOVO\Documents\seconddevPPT\reference\knight-imagetopptx-skill\assets\rebuilt-slide-02.pptx,1,58,Picture 57,13,1,36.391,36.391,0.0,1,previews/icon-0022.png,assets/png/icon-0022.png,picture|57|role|folder.png|rebuilt|slide|02.pptx
icon-0023,icons,图标,picture,李佳1_快速可编辑复刻.pptx,C:\Users\LENOVO\Documents\seconddevPPT\output\李佳1-fast-reverse\李佳1_快速可编辑复刻.pptx,1,210,Picture 209,13,1,114.0,94.5,0.0,1,previews/icon-0023.png,assets/png/icon-0023.png,picture|209|李佳1|快速可编辑复刻.pptx
icon-0024,icons,图标,picture,rebuilt-slide-02.pptx,C:\Users\LENOVO\Documents\seconddevPPT\reference\knight-imagetopptx-skill\assets\rebuilt-slide-02.pptx,1,61,Picture 60,13,1,36.391,36.391,0.0,1,previews/icon-0024.png,assets/png/icon-0024.png,picture|60|role|chart.png|rebuilt|slide|02.pptx
icon-0025,icons,图标,picture,识别3-Knight可编辑复刻.pptx,C:\Users\LENOVO\Documents\seconddevPPT\output\knight-recognize3-rebuild\识别3-Knight可编辑复刻.pptx,1,103,Picture 102,13,1,46.5,46.5,0.0,1,previews/icon-0025.png,assets/png/icon-0025.png,picture|102|识别3|knight可编辑复刻.pptx
icon-0026,icons,图标,picture,rebuilt-slide-02.pptx,C:\Users\LENOVO\Documents\seconddevPPT\reference\knight-imagetopptx-skill\assets\rebuilt-slide-02.pptx,1,38,Picture 37,13,1,48.923,48.923,0.0,1,previews/icon-0026.png,assets/png/icon-0026.png,picture|37|bottom|lightbulb.png|rebuilt|slide|02.pptx
icon-0027,icons,图标,picture,rebuilt-slide-01.pptx,C:\Users\LENOVO\Documents\seconddevPPT\reference\knight-imagetopptx-skill\assets\rebuilt-slide-01.pptx,1,175,Picture 174,13,1,44.612,44.612,0.0,1,previews/icon-0027.png,assets/png/icon-0027.png,picture|174|upload.png|rebuilt|slide|01.pptx
icon-0028,icons,图标,picture,识别3-Knight可编辑复刻.pptx,C:\Users\LENOVO\Documents\seconddevPPT\output\knight-recognize3-rebuild\识别3-Knight可编辑复刻.pptx,1,119,Picture 118,13,1,46.5,46.5,0.0,1,previews/icon-0028.png,assets/png/icon-0028.png,picture|118|识别3|knight可编辑复刻.pptx
icon-0029,icons,图标,picture,识别3-Knight可编辑复刻.pptx,C:\Users\LENOVO\Documents\seconddevPPT\output\knight-recognize3-rebuild\识别3-Knight可编辑复刻.pptx,1,151,Picture 150,13,1,39.75,39.75,0.0,1,previews/icon-0029.png,assets/png/icon-0029.png,picture|150|识别3|knight可编辑复刻.pptx
icon-0030,icons,图标,picture,识别2-Knight可编辑复刻.pptx,C:\Users\LENOVO\Documents\seconddevPPT\output\knight-recognize2-rebuild\识别2-Knight可编辑复刻.pptx,1,184,Picture 183,13,1,48.75,48.75,0.0,1,previews/icon-0030.png,assets/png/icon-0030.png,picture|183|识别2|knight可编辑复刻.pptx
icon-0031,icons,图标,picture,识别3-Knight可编辑复刻.pptx,C:\Users\LENOVO\Documents\seconddevPPT\output\knight-recognize3-rebuild\识别3-Knight可编辑复刻.pptx,1,111,Picture 110,13,1,46.5,46.5,0.0,1,previews/icon-0031.png,assets/png/icon-0031.png,picture|110|识别3|knight可编辑复刻.pptx
icon-0032,icons,图标,picture,李佳1_快速可编辑复刻.pptx,C:\Users\LENOVO\Documents\seconddevPPT\output\李佳1-fast-reverse\李佳1_快速可编辑复刻.pptx,1,132,Picture 131,13,1,49.5,48.75,0.0,1,previews/icon-0032.png,assets/png/icon-0032.png,picture|131|李佳1|快速可编辑复刻.pptx
icon-0033,icons,图标,picture,rebuilt-slide-01.pptx,C:\Users\LENOVO\Documents\seconddevPPT\reference\knight-imagetopptx-skill\assets\rebuilt-slide-01.pptx,1,54,Picture 53,13,1,60.146,60.146,0.0,1,previews/icon-0033.png,assets/png/icon-0033.png,picture|53|shield.png|rebuilt|slide|01.pptx
icon-0034,icons,图标,picture,rebuilt-slide-01.pptx,C:\Users\LENOVO\Documents\seconddevPPT\reference\knight-imagetopptx-skill\assets\rebuilt-slide-01.pptx,1,30,Picture 29,13,1,60.146,60.146,0.0,1,previews/icon-0034.png,assets/png/icon-0034.png,picture|29|database.png|rebuilt|slide|01.pptx
icon-0035,icons,图标,picture,rebuilt-slide-01.pptx,C:\Users\LENOVO\Documents\seconddevPPT\reference\knight-imagetopptx-skill\assets\rebuilt-slide-01.pptx,1,158,Picture 157,13,1,25.223,25.223,0.0,1,previews/icon-0035.png,assets/png/icon-0035.png,picture|157|upload.png|rebuilt|slide|01.pptx
icon-0036,icons,图标,picture,rebuilt-slide-01.pptx,C:\Users\LENOVO\Documents\seconddevPPT\reference\knight-imagetopptx-skill\assets\rebuilt-slide-01.pptx,1,14,Picture 13,13,1,56.266,56.266,0.0,1,previews/icon-0036.png,assets/png/icon-0036.png,picture|13|target.png|rebuilt|slide|01.pptx
icon-0037,icons,图标,picture,party-semantic-editable.pptx,C:\Users\LENOVO\Documents\seconddevPPT\output\semantic-rebuild-v9\party-semantic-editable.pptx,1,34,Image 5,13,1,65.4,61.2,0.0,1,previews/icon-0037.png,assets/png/icon-0037.png,image|5|preencoded.png|party|semantic|editable.pptx
icon-0038,icons,图标,picture,rebuilt-slide-01.pptx,C:\Users\LENOVO\Documents\seconddevPPT\reference\knight-imagetopptx-skill\assets\rebuilt-slide-01.pptx,1,36,Picture 35,13,1,60.146,60.146,0.0,1,previews/icon-0038.png,assets/png/icon-0038.png,picture|35|broom.png|rebuilt|slide|01.pptx
icon-0039,icons,图标,picture,rebuilt-slide-02.pptx,C:\Users\LENOVO\Documents\seconddevPPT\reference\knight-imagetopptx-skill\assets\rebuilt-slide-02.pptx,1,15,Picture 14,13,1,72.209,72.209,0.0,1,previews/icon-0039.png,assets/png/icon-0039.png,picture|14|step|folder.png|rebuilt|slide|02.pptx
icon-0040,icons,图标,picture,rebuilt-slide-02.pptx,C:\Users\LENOVO\Documents\seconddevPPT\reference\knight-imagetopptx-skill\assets\rebuilt-slide-02.pptx,1,67,Picture 66,13,1,36.22,36.22,0.0,1,previews/icon-0040.png,assets/png/icon-0040.png,picture|66|role|clipboard.png|rebuilt|slide|02.pptx
icon-0041,icons,图标,picture,rebuilt-slide-01.pptx,C:\Users\LENOVO\Documents\seconddevPPT\reference\knight-imagetopptx-skill\assets\rebuilt-slide-01.pptx,1,164,Picture 163,13,1,25.223,25.223,0.0,1,previews/icon-0041.png,assets/png/icon-0041.png,picture|163|bars.png|rebuilt|slide|01.pptx
icon-0042,icons,图标,picture,party-semantic-editable.pptx,C:\Users\LENOVO\Documents\seconddevPPT\output\semantic-rebuild-v9\party-semantic-editable.pptx,1,32,Image 3,13,1,75.0,58.8,0.0,1,previews/icon-0042.png,assets/png/icon-0042.png,image|3|preencoded.png|party|semantic|editable.pptx
icon-0043,icons,图标,picture,rebuilt-slide-01.pptx,C:\Users\LENOVO\Documents\seconddevPPT\reference\knight-imagetopptx-skill\assets\rebuilt-slide-01.pptx,1,60,Picture 59,13,1,60.146,60.146,0.0,1,previews/icon-0043.png,assets/png/icon-0043.png,picture|59|person|loop.png|rebuilt|slide|01.pptx
icon-0044,icons,图标,picture,rebuilt-slide-01.pptx,C:\Users\LENOVO\Documents\seconddevPPT\reference\knight-imagetopptx-skill\assets\rebuilt-slide-01.pptx,1,18,Picture 17,13,1,56.266,56.266,0.0,1,previews/icon-0044.png,assets/png/icon-0044.png,picture|17|document.png|rebuilt|slide|01.pptx
icon-0045,icons,图标,picture,rebuilt-slide-02.pptx,C:\Users\LENOVO\Documents\seconddevPPT\reference\knight-imagetopptx-skill\assets\rebuilt-slide-02.pptx,1,41,Picture 40,13,1,56.741,56.741,0.0,1,previews/icon-0045.png,assets/png/icon-0045.png,picture|40|bad|cross.png|rebuilt|slide|02.pptx
icon-0046,icons,图标,picture,rebuilt-slide-01.pptx,C:\Users\LENOVO\Documents\seconddevPPT\reference\knight-imagetopptx-skill\assets\rebuilt-slide-01.pptx,1,22,Picture 21,13,1,56.266,56.266,0.0,1,previews/icon-0046.png,assets/png/icon-0046.png,picture|21|grid.png|rebuilt|slide|01.pptx
icon-0047,icons,图标,picture,李佳1_快速可编辑复刻.pptx,C:\Users\LENOVO\Documents\seconddevPPT\output\李佳1-fast-reverse\李佳1_快速可编辑复刻.pptx,1,124,Picture 123,13,1,49.5,48.75,0.0,1,previews/icon-0047.png,assets/png/icon-0047.png,picture|123|李佳1|快速可编辑复刻.pptx
icon-0048,icons,图标,picture,rebuilt-slide-02.pptx,C:\Users\LENOVO\Documents\seconddevPPT\reference\knight-imagetopptx-skill\assets\rebuilt-slide-02.pptx,1,10,Picture 9,13,1,72.209,72.209,0.0,1,previews/icon-0048.png,assets/png/icon-0048.png,picture|9|step|target.png|rebuilt|slide|02.pptx
icon-0049,icons,图标,picture,rebuilt-slide-01.pptx,C:\Users\LENOVO\Documents\seconddevPPT\reference\knight-imagetopptx-skill\assets\rebuilt-slide-01.pptx,1,223,Picture 222,13,1,62.087,62.087,0.0,1,previews/icon-0049.png,assets/png/icon-0049.png,picture|222|person|loop.png|rebuilt|slide|01.pptx
icon-0050,icons,图标,picture,rebuilt-slide-02.pptx,C:\Users\LENOVO\Documents\seconddevPPT\reference\knight-imagetopptx-skill\assets\rebuilt-slide-02.pptx,1,30,Picture 29,13,1,72.209,72.209,0.0,1,previews/icon-0050.png,assets/png/icon-0050.png,picture|29|step|check|search.png|rebuilt|slide|02.pptx
icon-0051,icons,图标,picture,rebuilt-slide-01.pptx,C:\Users\LENOVO\Documents\seconddevPPT\reference\knight-imagetopptx-skill\assets\rebuilt-slide-01.pptx,1,232,Picture 231,13,1,35.406,35.406,0.0,1,previews/icon-0051.png,assets/png/icon-0051.png,picture|231|building.png|rebuilt|slide|01.pptx
icon-0052,icons,图标,picture,rebuilt-slide-01.pptx,C:\Users\LENOVO\Documents\seconddevPPT\reference\knight-imagetopptx-skill\assets\rebuilt-slide-01.pptx,1,180,Picture 179,13,1,27.163,27.163,0.0,1,previews/icon-0052.png,assets/png/icon-0052.png,picture|179|spinner.png|rebuilt|slide|01.pptx
icon-0053,icons,图标,picture,识别3-Knight可编辑复刻.pptx,C:\Users\LENOVO\Documents\seconddevPPT\output\knight-recognize3-rebuild\识别3-Knight可编辑复刻.pptx,1,156,Picture 155,13,1,39.75,39.75,0.0,1,previews/icon-0053.png,assets/png/icon-0053.png,picture|155|识别3|knight可编辑复刻.pptx
icon-0054,icons,图标,picture,李佳1_快速可编辑复刻.pptx,C:\Users\LENOVO\Documents\seconddevPPT\output\李佳1-fast-reverse\李佳1_快速可编辑复刻.pptx,1,221,Picture 220,13,1,47.25,43.5,0.0,1,previews/icon-0054.png,assets/png/icon-0054.png,picture|220|李佳1|快速可编辑复刻.pptx
icon-0055,icons,图标,picture,识别2-Knight可编辑复刻.pptx,C:\Users\LENOVO\Documents\seconddevPPT\output\knight-recognize2-rebuild\识别2-Knight可编辑复刻.pptx,1,128,Picture 127,13,1,78.0,78.0,0.0,1,previews/icon-0055.png,assets/png/icon-0055.png,picture|127|识别2|knight可编辑复刻.pptx
icon-0056,icons,图标,picture,识别2-Knight可编辑复刻.pptx,C:\Users\LENOVO\Documents\seconddevPPT\output\knight-recognize2-rebuild\识别2-Knight可编辑复刻.pptx,1,192,Picture 191,13,1,48.75,48.75,0.0,1,previews/icon-0056.png,assets/png/icon-0056.png,picture|191|识别2|knight可编辑复刻.pptx
icon-0057,icons,图标,picture,rebuilt-slide-02.pptx,C:\Users\LENOVO\Documents\seconddevPPT\reference\knight-imagetopptx-skill\assets\rebuilt-slide-02.pptx,1,64,Picture 63,13,1,36.391,36.391,0.0,1,previews/icon-0057.png,assets/png/icon-0057.png,picture|63|role|shield.png|rebuilt|slide|02.pptx
icon-0058,icons,图标,picture,rebuilt-slide-01.pptx,C:\Users\LENOVO\Documents\seconddevPPT\reference\knight-imagetopptx-skill\assets\rebuilt-slide-01.pptx,1,186,Picture 185,13,1,27.163,27.163,0.0,1,previews/icon-0058.png,assets/png/icon-0058.png,picture|185|loop|small.png|rebuilt|slide|01.pptx
icon-0059,icons,图标,picture,rebuilt-slide-01.pptx,C:\Users\LENOVO\Documents\seconddevPPT\reference\knight-imagetopptx-skill\assets\rebuilt-slide-01.pptx,1,80,Picture 79,13,1,31.043,31.043,0.0,1,previews/icon-0059.png,assets/png/icon-0059.png,picture|79|pin.png|rebuilt|slide|01.pptx
icon-0060,icons,图标,picture,rebuilt-slide-01.pptx,C:\Users\LENOVO\Documents\seconddevPPT\reference\knight-imagetopptx-skill\assets\rebuilt-slide-01.pptx,1,10,Picture 9,13,1,56.266,56.266,0.0,1,previews/icon-0060.png,assets/png/icon-0060.png,picture|9|building.png|rebuilt|slide|01.pptx
icon-0061,icons,图标,picture,rebuilt-slide-01.pptx,C:\Users\LENOVO\Documents\seconddevPPT\reference\knight-imagetopptx-skill\assets\rebuilt-slide-01.pptx,1,177,Picture 176,13,1,27.163,27.163,0.0,1,previews/icon-0061.png,assets/png/icon-0061.png,picture|176|upload.png|rebuilt|slide|01.pptx
icon-0062,icons,图标,picture,rebuilt-slide-01.pptx,C:\Users\LENOVO\Documents\seconddevPPT\reference\knight-imagetopptx-skill\assets\rebuilt-slide-01.pptx,1,219,Picture 218,13,1,50.445,50.445,0.0,1,previews/icon-0062.png,assets/png/icon-0062.png,picture|218|magnifier|chart.png|rebuilt|slide|01.pptx
icon-0063,icons,图标,picture,rebuilt-slide-01.pptx,C:\Users\LENOVO\Documents\seconddevPPT\reference\knight-imagetopptx-skill\assets\rebuilt-slide-01.pptx,1,173,Picture 172,13,1,17.462,17.462,0.0,1,previews/icon-0063.png,assets/png/icon-0063.png,picture|172|magnifier|chart.png|rebuilt|slide|01.pptx
icon-0064,icons,图标,picture,识别3-Knight可编辑复刻.pptx,C:\Users\LENOVO\Documents\seconddevPPT\output\knight-recognize3-rebuild\识别3-Knight可编辑复刻.pptx,1,146,Picture 145,13,1,39.75,39.75,0.0,1,previews/icon-0064.png,assets/png/icon-0064.png,picture|145|识别3|knight可编辑复刻.pptx
icon-0065,icons,图标,picture,rebuilt-slide-01.pptx,C:\Users\LENOVO\Documents\seconddevPPT\reference\knight-imagetopptx-skill\assets\rebuilt-slide-01.pptx,1,215,Picture 214,13,1,62.087,62.087,0.0,1,previews/icon-0065.png,assets/png/icon-0065.png,picture|214|shield.png|rebuilt|slide|01.pptx
icon-0066,icons,图标,picture,rebuilt-slide-01.pptx,C:\Users\LENOVO\Documents\seconddevPPT\reference\knight-imagetopptx-skill\assets\rebuilt-slide-01.pptx,1,167,Picture 166,13,1,25.223,25.223,0.0,1,previews/icon-0066.png,assets/png/icon-0066.png,picture|166|download.png|rebuilt|slide|01.pptx
icon-0067,icons,图标,picture,rebuilt-slide-01.pptx,C:\Users\LENOVO\Documents\seconddevPPT\reference\knight-imagetopptx-skill\assets\rebuilt-slide-01.pptx,1,48,Picture 47,13,1,60.305,60.305,0.0,1,previews/icon-0067.png,assets/png/icon-0067.png,picture|47|hierarchy.png|rebuilt|slide|01.pptx
icon-0068,icons,图标,picture,李佳1_快速可编辑复刻.pptx,C:\Users\LENOVO\Documents\seconddevPPT\output\李佳1-fast-reverse\李佳1_快速可编辑复刻.pptx,1,140,Picture 139,13,1,50.25,48.75,0.0,1,previews/icon-0068.png,assets/png/icon-0068.png,picture|139|李佳1|快速可编辑复刻.pptx
line-0001,lines,线条,native_editable,识别2-Knight可编辑复刻.pptx,C:\Users\LENOVO\Documents\seconddevPPT\output\knight-recognize2-rebuild\识别2-Knight可编辑复刻.pptx,1,41,chart-grid-10,9,-2,505.5,0.0,0.0,7,previews/line-0001.png,,chart|grid|10|识别2|knight可编辑复刻.pptx
line-0002,lines,线条,native_editable,李佳1_快速可编辑复刻.pptx,C:\Users\LENOVO\Documents\seconddevPPT\output\李佳1-fast-reverse\李佳1_快速可编辑复刻.pptx,1,63,skill_divider_1,9,-2,0.75,114.75,0.0,6,previews/line-0002.png,,skill|divider|1|李佳1|快速可编辑复刻.pptx
line-0003,lines,线条,native_editable,识别3-Knight可编辑复刻.pptx,C:\Users\LENOVO\Documents\seconddevPPT\output\knight-recognize3-rebuild\识别3-Knight可编辑复刻.pptx,1,9,title-underline,9,-2,72.0,0.0,0.0,1,previews/line-0003.png,,title|underline|识别3|knight可编辑复刻.pptx
line-0004,lines,线条,native_editable,识别3-Knight可编辑复刻.pptx,C:\Users\LENOVO\Documents\seconddevPPT\output\knight-recognize3-rebuild\识别3-Knight可编辑复刻.pptx,1,84,top-blue-rule,9,-2,1254.0,0.0,0.0,1,previews/line-0004.png,,top|blue|rule|识别3|knight可编辑复刻.pptx
line-0005,lines,线条,native_editable,李佳3_视觉OCR快速可编辑复刻.pptx,C:\Users\LENOVO\Documents\seconddevPPT\output\李佳3-fast-vision\李佳3_视觉OCR快速可编辑复刻.pptx,1,99,evolution_rise_2,1,1,3.0,42.75,0.0,1,previews/line-0005.png,,evolution|rise|2|李佳3|视觉ocr快速可编辑复刻.pptx
line-0006,lines,线条,native_editable,李佳3_视觉OCR快速可编辑复刻.pptx,C:\Users\LENOVO\Documents\seconddevPPT\output\李佳3-fast-vision\李佳3_视觉OCR快速可编辑复刻.pptx,1,125,footer_separator,9,-2,0.0,33.0,0.0,1,previews/line-0006.png,,footer|separator|李佳3|视觉ocr快速可编辑复刻.pptx
line-0007,lines,线条,native_editable,七页原图批量可编辑复刻.pptx,C:\Users\LENOVO\Documents\seconddevPPT\output\sources-batch\七页原图批量可编辑复刻.pptx,4,49,auto_rule_4,1,1,1254.0,1.5,0.0,3,previews/line-0007.png,,auto|rule|4|七页原图批量可编辑复刻.pptx
line-0008,lines,线条,native_editable,识别2-Knight可编辑复刻.pptx,C:\Users\LENOVO\Documents\seconddevPPT\output\knight-recognize2-rebuild\识别2-Knight可编辑复刻.pptx,1,21,metric-divider-01,9,-2,243.75,0.0,0.0,2,previews/line-0008.png,,metric|divider|01|识别2|knight可编辑复刻.pptx
line-0009,lines,线条,native_editable,识别2-Knight可编辑复刻.pptx,C:\Users\LENOVO\Documents\seconddevPPT\output\knight-recognize2-rebuild\识别2-Knight可编辑复刻.pptx,1,3,top-left-white-dash,9,-2,20.25,0.0,0.0,1,previews/line-0009.png,,top|left|white|dash|识别2|knight可编辑复刻.pptx
line-0010,lines,线条,native_editable,识别3-Knight可编辑复刻.pptx,C:\Users\LENOVO\Documents\seconddevPPT\output\knight-recognize3-rebuild\识别3-Knight可编辑复刻.pptx,1,3,top-left-white-dash,9,-2,25.5,0.0,0.0,1,previews/line-0010.png,,top|left|white|dash|识别3|knight可编辑复刻.pptx
line-0011,lines,线条,native_editable,七页原图批量可编辑复刻.pptx,C:\Users\LENOVO\Documents\seconddevPPT\output\sources-batch\七页原图批量可编辑复刻.pptx,5,7,auto2_line_5_0,1,1,69.0,3.0,0.0,5,previews/line-0011.png,,auto2|line|5|0|七页原图批量可编辑复刻.pptx
line-0012,lines,线条,native_editable,李佳3_视觉OCR快速可编辑复刻.pptx,C:\Users\LENOVO\Documents\seconddevPPT\output\李佳3-fast-vision\李佳3_视觉OCR快速可编辑复刻.pptx,1,128,header_rule,9,-2,1185.75,0.0,0.0,1,previews/line-0012.png,,header|rule|李佳3|视觉ocr快速可编辑复刻.pptx
line-0013,lines,线条,native_editable,李佳3_视觉OCR快速可编辑复刻.pptx,C:\Users\LENOVO\Documents\seconddevPPT\output\李佳3-fast-vision\李佳3_视觉OCR快速可编辑复刻.pptx,1,101,evolution_rise_3,1,1,3.0,82.5,0.0,1,previews/line-0013.png,,evolution|rise|3|李佳3|视觉ocr快速可编辑复刻.pptx
line-0014,lines,线条,native_editable,李佳3_视觉OCR快速可编辑复刻.pptx,C:\Users\LENOVO\Documents\seconddevPPT\output\李佳3-fast-vision\李佳3_视觉OCR快速可编辑复刻.pptx,1,97,evolution_rise_1,1,1,3.0,37.5,0.0,1,previews/line-0014.png,,evolution|rise|1|李佳3|视觉ocr快速可编辑复刻.pptx
line-0015,lines,线条,native_editable,识别2-Knight可编辑复刻.pptx,C:\Users\LENOVO\Documents\seconddevPPT\output\knight-recognize2-rebuild\识别2-Knight可编辑复刻.pptx,1,39,chart-grid-0,9,-2,505.5,0.0,0.0,1,previews/line-0015.png,,chart|grid|0|识别2|knight可编辑复刻.pptx
line-0016,lines,线条,native_editable,识别3-Knight可编辑复刻.pptx,C:\Users\LENOVO\Documents\seconddevPPT\output\knight-recognize3-rebuild\识别3-Knight可编辑复刻.pptx,1,21,judgement-vline-1,9,-2,0.0,77.25,0.0,3,previews/line-0016.png,,judgement|vline|1|识别3|knight可编辑复刻.pptx
line-0017,lines,线条,native_editable,识别3-Knight可编辑复刻.pptx,C:\Users\LENOVO\Documents\seconddevPPT\output\knight-recognize3-rebuild\识别3-Knight可编辑复刻.pptx,1,46,kpi-divider-top,9,-2,0.0,96.75,0.0,2,previews/line-0017.png,,kpi|divider|top|识别3|knight可编辑复刻.pptx
line-0018,lines,线条,native_editable,party-semantic-editable.pptx,C:\Users\LENOVO\Documents\seconddevPPT\output\semantic-rebuild-v9\party-semantic-editable.pptx,1,3,Shape 0,9,-2,195.6,0.0,0.0,6,previews/line-0018.png,,shape|0|party|semantic|editable.pptx
line-0019,lines,线条,native_editable,李佳1_快速可编辑复刻.pptx,C:\Users\LENOVO\Documents\seconddevPPT\output\李佳1-fast-reverse\李佳1_快速可编辑复刻.pptx,1,5,header_rule,9,-2,1152.0,0.75,0.0,1,previews/line-0019.png,,header|rule|李佳1|快速可编辑复刻.pptx
line-0020,lines,线条,native_editable,李佳1_快速可编辑复刻.pptx,C:\Users\LENOVO\Documents\seconddevPPT\output\李佳1-fast-reverse\李佳1_快速可编辑复刻.pptx,1,58,skill_rule,9,-2,369.75,0.75,0.0,2,previews/line-0020.png,,skill|rule|李佳1|快速可编辑复刻.pptx
line-0021,lines,线条,native_editable,识别3-Knight可编辑复刻.pptx,C:\Users\LENOVO\Documents\seconddevPPT\output\knight-recognize3-rebuild\识别3-Knight可编辑复刻.pptx,1,26,judgement-divider-1,9,-2,383.25,0.0,0.0,3,previews/line-0021.png,,judgement|divider|1|识别3|knight可编辑复刻.pptx
line-0022,lines,线条,native_editable,李佳3_视觉OCR快速可编辑复刻.pptx,C:\Users\LENOVO\Documents\seconddevPPT\output\李佳3-fast-vision\李佳3_视觉OCR快速可编辑复刻.pptx,1,100,evolution_run_3,1,1,97.5,3.0,0.0,1,previews/line-0022.png,,evolution|run|3|李佳3|视觉ocr快速可编辑复刻.pptx
line-0023,lines,线条,native_editable,李佳3_视觉OCR快速可编辑复刻.pptx,C:\Users\LENOVO\Documents\seconddevPPT\output\李佳3-fast-vision\李佳3_视觉OCR快速可编辑复刻.pptx,1,96,evolution_run_1,1,1,91.5,3.0,0.0,2,previews/line-0023.png,,evolution|run|1|李佳3|视觉ocr快速可编辑复刻.pptx
line-0024,lines,线条,native_editable,识别2-Knight可编辑复刻.pptx,C:\Users\LENOVO\Documents\seconddevPPT\output\knight-recognize2-rebuild\识别2-Knight可编辑复刻.pptx,1,55,chart-legend-line,9,-2,25.5,0.0,0.0,1,previews/line-0024.png,,chart|legend|line|识别2|knight可编辑复刻.pptx
line-0025,lines,线条,native_editable,识别2-Knight可编辑复刻.pptx,C:\Users\LENOVO\Documents\seconddevPPT\output\knight-recognize2-rebuild\识别2-Knight可编辑复刻.pptx,1,98,top-blue-rule,9,-2,1200.0,0.0,0.0,1,previews/line-0025.png,,top|blue|rule|识别2|knight可编辑复刻.pptx
line-0026,lines,线条,native_editable,七页原图批量可编辑复刻.pptx,C:\Users\LENOVO\Documents\seconddevPPT\output\sources-batch\七页原图批量可编辑复刻.pptx,2,102,fast_rule_2,1,1,1254.0,1.5,0.0,3,previews/line-0026.png,,fast|rule|2|七页原图批量可编辑复刻.pptx
line-0027,lines,线条,native_editable,识别2-Knight可编辑复刻.pptx,C:\Users\LENOVO\Documents\seconddevPPT\output\knight-recognize2-rebuild\识别2-Knight可编辑复刻.pptx,1,10,title-underline,9,-2,70.5,0.0,0.0,1,previews/line-0027.png,,title|underline|识别2|knight可编辑复刻.pptx
logo-0001,logos,Logo 与品牌标志,picture,李佳1_快速可编辑复刻.pptx,C:\Users\LENOVO\Documents\seconddevPPT\output\李佳1-fast-reverse\李佳1_快速可编辑复刻.pptx,1,117,Picture 116,13,1,177.982,39.0,0.0,1,previews/logo-0001.png,assets/png/logo-0001.png,picture|116|李佳1|快速可编辑复刻.pptx
logo-0002,logos,Logo 与品牌标志,picture,识别3-Knight可编辑复刻.pptx,C:\Users\LENOVO\Documents\seconddevPPT\output\knight-recognize3-rebuild\识别3-Knight可编辑复刻.pptx,1,87,Picture 86,13,1,54.0,54.0,0.0,1,previews/logo-0002.png,assets/png/logo-0002.png,picture|86|识别3|knight可编辑复刻.pptx
logo-0003,logos,Logo 与品牌标志,picture,识别2-Knight可编辑复刻.pptx,C:\Users\LENOVO\Documents\seconddevPPT\output\knight-recognize2-rebuild\识别2-Knight可编辑复刻.pptx,1,104,Picture 103,13,1,43.5,43.5,0.0,1,previews/logo-0003.png,assets/png/logo-0003.png,picture|103|识别2|knight可编辑复刻.pptx
logo-0004,logos,Logo 与品牌标志,picture,李佳1_快速可编辑复刻.pptx,C:\Users\LENOVO\Documents\seconddevPPT\output\李佳1-fast-reverse\李佳1_快速可编辑复刻.pptx,1,148,Picture 147,13,1,115.5,90.75,0.0,1,previews/logo-0004.png,assets/png/logo-0004.png,picture|147|李佳1|快速可编辑复刻.pptx
